{
	"format_version": "1.12.0",
	"minecraft:geometry": [
		{
			"description": {
				"identifier": "geometry.unknown",
				"texture_width": 96,
				"texture_height": 96,
				"visible_bounds_width": 6,
				"visible_bounds_height": 3.5,
				"visible_bounds_offset": [0, 1.25, 0]
			},
			"bones": [
				{
					"name": "bone",
					"pivot": [-0.5, 0, -6.5]
				},
				{
					"name": "base",
					"parent": "bone",
					"pivot": [-0.5, 2.75, -9]
				},
				{
					"name": "head",
					"parent": "base",
					"pivot": [-0.5, 2.75, -9],
					"cubes": [
						{"origin": [-1.5, 2.75, -20], "size": [3, 4, 10], "pivot": [-0.5, 7.75, -10], "rotation": [-52.5, 0, 0], "uv": [58, 20]}
					]
				},
				{
					"name": "jaw",
					"parent": "head",
					"pivot": [-0.5, 12.75, -17],
					"cubes": [
						{"origin": [-1.75, 11.75, -23.75], "size": [3.5, 1, 8], "pivot": [-0.5, 12.75, -18], "rotation": [25, 0, 0], "uv": [20, 18]},
						{"origin": [-1.87227, 9.96461, -22.45328], "size": [1, 1, 0], "pivot": [-1.25, 10.25, -22.75], "rotation": [38.27298, 1.23723, 52.22841], "uv": [2, 8]},
						{"origin": [0.87227, 9.96461, -22.45328], "size": [1, 1, 0], "pivot": [1.25, 10.25, -22.75], "rotation": [38.27298, -1.23723, -52.22841], "uv": [2, 8], "mirror": true}
					]
				},
				{
					"name": "head_base",
					"parent": "head",
					"pivot": [-0.5, 12.75, -16],
					"cubes": [
						{"origin": [-2.5, 12.75, -22], "size": [5, 3, 6], "uv": [42, 20]},
						{"origin": [-2.75, 15.75, -22], "size": [1.25, 1, 6], "uv": [0, 7]},
						{"origin": [1.5, 15.75, -22], "size": [1.25, 1, 6], "uv": [0, 0]},
						{"origin": [-1.5, 12.75, -24], "size": [3, 2, 1], "uv": [58, 20]},
						{"origin": [-2.5, 12.75, -23], "size": [5, 3, 1], "uv": [64, 0]},
						{"origin": [-1.25, 12.25, -23.75], "size": [1, 1, 0], "pivot": [-0.75, 12.75, -23.75], "rotation": [10.72858, 10.54529, 45.99297], "uv": [4, 3]},
						{"origin": [0.25, 12.25, -23.75], "size": [1, 1, 0], "pivot": [0.75, 12.75, -23.75], "rotation": [10.72858, -10.54529, -45.99297], "uv": [4, 3], "mirror": true}
					]
				},
				{
					"name": "bone3",
					"parent": "head_base",
					"pivot": [2.5, 16.5, -18],
					"cubes": [
						{"origin": [1.5, 15.5, -20], "size": [6, 0, 4], "uv": [36, 0]},
						{"origin": [1.5, 14.75, -20], "size": [6, 0, 4], "pivot": [2.5, 14.75, -18], "rotation": [0, 0, 35], "uv": [36, 4]},
						{"origin": [1.5, 16.5, -20], "size": [6, 0, 4], "pivot": [2.5, 16.5, -18], "rotation": [0, 0, -42.5], "uv": [0, 25]}
					]
				},
				{
					"name": "bone2",
					"parent": "head_base",
					"pivot": [-2.5, 16.5, -18],
					"cubes": [
						{"origin": [-7.5, 15.5, -20], "size": [6, 0, 4], "uv": [48, 0]},
						{"origin": [-7.5, 14.75, -20], "size": [6, 0, 4], "pivot": [-2.5, 14.75, -18], "rotation": [0, 0, -35], "uv": [36, 4]},
						{"origin": [-7.5, 16.5, -20], "size": [6, 0, 4], "pivot": [-2.5, 16.5, -18], "rotation": [0, 0, 42.5], "uv": [36, 8]}
					]
				},
				{
					"name": "eye",
					"parent": "head_base",
					"pivot": [4.5, 12.75, -15.5],
					"cubes": [
						{"origin": [2.6, 14.5, -22], "size": [0, 1, 2], "uv": [0, 1]}
					]
				},
				{
					"name": "eyelid",
					"parent": "eye",
					"pivot": [0, -0.25, 0],
					"cubes": [
						{"origin": [1.6, 14.5, -22], "size": [0, 1, 2], "inflate": 0.01, "uv": [57, 7]}
					]
				},
				{
					"name": "eye2",
					"parent": "head_base",
					"pivot": [-4.5, 12.75, -15.5],
					"cubes": [
						{"origin": [-2.6, 14.5, -22], "size": [0, 1, 2], "uv": [0, 0]}
					]
				},
				{
					"name": "eyelid2",
					"parent": "eye2",
					"pivot": [0, -0.25, 0],
					"cubes": [
						{"origin": [-1.6, 14.5, -22], "size": [0, 1, 2], "inflate": 0.01, "uv": [57, 7], "mirror": true}
					]
				},
				{
					"name": "tail",
					"parent": "base",
					"pivot": [-0.5, 2.75, -9],
					"cubes": [
						{"origin": [-2.5, 3.75, 3], "size": [5, 4, 2], "uv": [0, 71]}
					]
				},
				{
					"name": "tail_base",
					"parent": "tail",
					"pivot": [0, 7.75, 5.25],
					"cubes": [
						{"origin": [-1.52062, 4.75, 5.01427], "size": [3, 3, 5], "uv": [58, 50]}
					]
				},
				{
					"name": "tailjoint1",
					"parent": "tail_base",
					"pivot": [-0.08955, 6.75, 9.80158],
					"cubes": [
						{"origin": [-1.5, 4.75, 10], "size": [3, 3, 5], "uv": [58, 42]}
					]
				},
				{
					"name": "tailjoint2",
					"parent": "tailjoint1",
					"pivot": [0.0243, 7.5, 14.9262],
					"cubes": [
						{"origin": [-1.47159, 4.75, 15], "size": [3, 3, 5], "uv": [58, 34]}
					]
				},
				{
					"name": "tailjoint3",
					"parent": "tailjoint2",
					"pivot": [1.02841, 6.75, 19.58321],
					"cubes": [
						{"origin": [-0.95713, 5.75, 20], "size": [2, 2, 5], "uv": [66, 65]}
					]
				},
				{
					"name": "tailtip",
					"parent": "tailjoint3",
					"pivot": [0.04287, 6.75, 25.1352],
					"cubes": [
						{"origin": [-0.95713, 5.75, 25], "size": [2, 2, 5], "uv": [66, 58]}
					]
				},
				{
					"name": "truebase",
					"parent": "base",
					"pivot": [-0.5, 2.75, -9],
					"cubes": [
						{"origin": [-6.5, 1.75, -14], "size": [13, 2, 13], "uv": [41, 5]},
						{"origin": [-5.5, 3.75, 0], "size": [11, 4, 3], "uv": [0, 18]},
						{"origin": [-6.5, 3.75, -14], "size": [13, 4, 14], "uv": [0, 0]}
					]
				},
				{
					"name": "wing2",
					"parent": "base",
					"pivot": [3.5, 7.75, -6],
					"rotation": [0, 0, 45],
					"cubes": [
						{"origin": [3.5, 9.75, -18], "size": [0, 21, 29], "uv": [0, 21]},
						{"origin": [3.5, 5.75, -8], "size": [0, 11, 4], "pivot": [-0.5, 2.75, -9], "rotation": [0, 0, 0.1], "uv": [58, 65]}
					]
				},
				{
					"name": "wing",
					"parent": "base",
					"pivot": [-3.5, 7.75, -6],
					"rotation": [0, 0, -45],
					"cubes": [
						{"origin": [-3.5, 5.75, -8], "size": [0, 11, 4], "pivot": [-0.5, 2.75, -9], "rotation": [0, 0, -0.1], "uv": [58, 54]},
						{"origin": [-3.5, 9.75, -18], "size": [0, 21, 29], "uv": [0, 0]}
					]
				},
				{
					"name": "legs",
					"parent": "bone",
					"pivot": [-8.25, 4, -12]
				},
				{
					"name": "LEG1",
					"parent": "legs",
					"pivot": [-7.25, 8, -12],
					"cubes": [
						{"origin": [-7.5, 3.75, -13], "size": [2, 4, 3], "pivot": [-6.5, 6.75, -12], "rotation": [0, 0, 17.5], "uv": [74, 20]}
					]
				},
				{
					"name": "foreleg1",
					"parent": "LEG1",
					"pivot": [-8.25, 4, -11.5],
					"cubes": [
						{"origin": [-8.40794, 0.14896, -13], "size": [2, 4, 3], "uv": [66, 72]}
					]
				},
				{
					"name": "toes1",
					"parent": "foreleg1",
					"pivot": [-8.25, 0.25, -11.5],
					"cubes": [
						{"origin": [-10, 0.25, -13], "size": [2, 0, 1], "pivot": [-8.25, 0, -12.5], "rotation": [0, -10, 0], "uv": [7, 4]},
						{"origin": [-10, 0.25, -12], "size": [2, 0, 1], "uv": [7, 5]},
						{"origin": [-10, 0.25, -11], "size": [2, 0, 1], "pivot": [-8.25, 0, -10.5], "rotation": [0, 10, 0], "uv": [7, 7]}
					]
				},
				{
					"name": "LEG2",
					"parent": "legs",
					"pivot": [6.25, 8, -11],
					"cubes": [
						{"origin": [5.5, 3.75, -13], "size": [2, 4, 3], "pivot": [6.5, 6.75, -12], "rotation": [0, 0, -17.5], "uv": [71, 47]}
					]
				},
				{
					"name": "foreleg2",
					"parent": "LEG2",
					"pivot": [8.25, 4, -11.5],
					"cubes": [
						{"origin": [6.40794, 0.14896, -13], "size": [2, 4, 3], "uv": [44, 71]}
					]
				},
				{
					"name": "toes2",
					"parent": "foreleg2",
					"pivot": [8.25, 0.25, -11.5],
					"cubes": [
						{"origin": [8.07518, 0.26157, -11], "size": [2, 0, 1], "pivot": [8.32518, 0.01157, -10.5], "rotation": [0, -10, 0], "uv": [0, 4]},
						{"origin": [8.07518, 0.26157, -12], "size": [2, 0, 1], "uv": [0, 1]},
						{"origin": [8.07518, 0.26157, -13], "size": [2, 0, 1], "pivot": [8.32518, 0.01157, -12.5], "rotation": [0, 10, 0], "uv": [0, 0]}
					]
				},
				{
					"name": "LEG3",
					"parent": "legs",
					"pivot": [-6.25, 7, -1.5],
					"rotation": [0, 22.5, 0],
					"cubes": [
						{"origin": [-7.5, 3.75, -3], "size": [2, 4, 3], "pivot": [-6.5, 6.75, -1], "rotation": [0, 0, 17.5], "uv": [71, 39]}
					]
				},
				{
					"name": "foreleg3",
					"parent": "LEG3",
					"pivot": [-7.57475, 4, -1.27167],
					"cubes": [
						{"origin": [-8.40794, 0.14896, -3], "size": [2, 4, 3], "uv": [34, 71]}
					]
				},
				{
					"name": "toes3",
					"parent": "foreleg3",
					"pivot": [-8.25, 0.25, -1.5],
					"cubes": [
						{"origin": [-11.59646, 0.25, -1.04943], "size": [2, 0, 1], "pivot": [-8.25, 0, -10.5], "rotation": [0, 10, 0], "uv": [7, 2]},
						{"origin": [-8.09688, 0.25, -3.1035], "size": [2, 0, 1], "pivot": [-8.25, 0, -12.5], "rotation": [0, -10, 0], "uv": [7, 3]},
						{"origin": [-9.8443, 0.25, -1.92338], "size": [2, 0, 1], "uv": [7, 1]}
					]
				},
				{
					"name": "LEG4",
					"parent": "legs",
					"pivot": [6.25, 7, -1.5],
					"rotation": [0, -22.5, 0],
					"cubes": [
						{"origin": [5.5, 3.75, -3], "size": [2, 4, 3], "pivot": [6.5, 6.75, -1], "rotation": [0, 0, -17.5], "uv": [24, 71]}
					]
				},
				{
					"name": "foreleg4",
					"parent": "LEG4",
					"pivot": [7.61595, 4, -1.57823],
					"cubes": [
						{"origin": [6.40794, 0.14896, -3], "size": [2, 4, 3], "uv": [14, 71]}
					]
				},
				{
					"name": "toes4",
					"parent": "foreleg4",
					"pivot": [8.25, 0.25, -1.5],
					"cubes": [
						{"origin": [6.09688, 0.25, -3.1035], "size": [2, 0, 1], "pivot": [8.25, 0, -12.5], "rotation": [0, 10, 0], "uv": [0, 5]},
						{"origin": [7.8443, 0.25, -1.92338], "size": [2, 0, 1], "uv": [7, 0]},
						{"origin": [9.59646, 0.25, -1.04943], "size": [2, 0, 1], "pivot": [8.25, 0, -10.5], "rotation": [0, -10, 0], "uv": [0, 7]}
					]
				}
			]
		}
	]
}