{
	"format_version": "1.8.0",
	"animations": {
		"animation.solrock.ground_idle": {
			"loop": true,
			"bones": {
				"body": {
					"position": [
						0,
						"(0.15*math.sin(q.anim_time*90*2)*0.4-2.25*math.sin(q.anim_time*90*2-30)*0.4+2.25*math.sin(q.anim_time*90*2-60)*0.4-2.25*math.sin(q.anim_time*90*2-90)*0.4)*0.95",
						0
					]
				}
			}
		},
		"animation.solrock.ground_walk": {
			"loop": true,
			"bones": {
				"body": {
					"rotation": ["5+4*math.sin(q.anim_time*45*3-30)", 0, 0]
				}
			}
		},
		"animation.solrock.blink": {
			"animation_length": 0.20833,
			"bones": {
				"eye_left": {
					"position": {
						"0.0": [0, 0, 0],
						"0.0833": [0, 0, 1],
						"0.1667": [0, 0, 0]
					}
				},
				"eye_right": {
					"position": {
						"0.0": [0, 0, 0],
						"0.0833": [0, 0, 1],
						"0.1667": [0, 0, 0]
					}
				}
			}
		},
		"animation.solrock.faint": {
			"animation_length": 2,
			"bones": {
				"eye_left": {
					"position": {
						"0.0": [0, 0, 0],
						"0.2917": [0, 0, 0.01],
						"0.75": [0, 0, 0.1]
					}
				},
				"eye_right": {
					"position": {
						"0.0": [0, 0, 0],
						"0.2917": [0, 0, 0.01],
						"0.75": [0, 0, 0.1]
					}
				},
				"body": {
					"rotation": [
						0,
						0,
						"(2.25*math.sin(q.anim_time*90*2)*0.4-2.25*math.sin(q.anim_time*90*2-30)*0.4+2.25*math.sin(q.anim_time*90*2-60)*0.4-2.25*math.sin(q.anim_time*90*2-90)*0.4)*2.5"
					],
					"position": {
						"0.0": [0, 0, 0],
						"2.0": [0, -6, 0]
					}
				}
			}
		},
		"animation.solrock.cry": {
			"animation_length": 1.5,
			"bones": {
				"body": {
					"rotation": [
						0,
						0,
						"(30*math.sin(q.anim_time*120*2)*0.4-2.25*math.sin(q.anim_time*90*2-30)*0.4+2.25*math.sin(q.anim_time*90*2-60)*0.4-2.25*math.sin(q.anim_time*90*2-90)*0.4)*0.95"
					]
				}
			},
			"sound_effects": {
				"0.0": {
					"effect": "solrock"
				}
			}
		}
	}
}