{
	"format_version": "1.8.0",
	"animations": {
		"animation.lugia.air_idle": {
			"loop": true,
			"animation_length": 1.75,
			"bones": {
				"torso": {
					"rotation": {
						"0.0": [12.5, 0, 0],
						"1.75": [12.5, 0, 0]
					},
					"position": {
						"0.0": [0, 14, 0],
						"0.5": [0, 12, 0],
						"0.75": [0, 6, 0],
						"1.0": [0, 8, 0],
						"1.25": [0, 5, 0],
						"1.5": [0, 13, 0],
						"1.75": [0, 14, 0]
					}
				},
				"left_leg": {
					"rotation": {
						"0.0": [15, 0, 0],
						"1.25": [-10, 0, 0],
						"1.75": [15, 0, 0]
					},
					"position": [0, 0, 0.5]
				},
				"left_foot": {
					"rotation": {
						"0.0": [35, 0, 0],
						"1.25": [15, 0, 0],
						"1.75": [35, 0, 0]
					}
				},
				"right_leg": {
					"rotation": {
						"0.0": [15, 0, 0],
						"1.25": [-10, 0, 0],
						"1.75": [15, 0, 0]
					},
					"position": [0, 0, 0.5]
				},
				"right_foot": {
					"rotation": {
						"0.0": [35, 0, 0],
						"1.25": [15, 0, 0],
						"1.75": [35, 0, 0]
					}
				},
				"tail1": {
					"rotation": {
						"0.0": [-2.5, 0, 0],
						"1.25": [-34.11, 0, 0],
						"1.75": [-2.5, 0, 0]
					}
				},
				"tail2": {
					"rotation": {
						"0.0": [12.5, 0, 0],
						"1.25": [-5, 0, 0],
						"1.75": [12.5, 0, 0]
					}
				},
				"tail3": {
					"rotation": {
						"0.0": [20.01365, -2.41476, -0.64743],
						"1.25": [0.01365, -2.41476, -0.64743],
						"1.75": [20.01365, -2.41476, -0.64743]
					}
				},
				"tail4": {
					"rotation": {
						"0.0": [37.5, 0, 0],
						"1.25": [2.5, 0, 0],
						"1.75": [37.5, 0, 0]
					}
				},
				"neck1": {
					"rotation": {
						"0.0": [12.5, 0, 0],
						"1.25": [10, 0, 0],
						"1.75": [12.5, 0, 0]
					}
				},
				"neck2": {
					"rotation": {
						"0.0": [10, 0, 0],
						"1.25": [5, 0, 0],
						"1.75": [10, 0, 0]
					}
				},
				"head": {
					"rotation": [-17.5, 0, 0]
				},
				"jaw": {
					"rotation": {
						"0.0": [15, 0, 0],
						"1.25": [5, 0, 0],
						"1.75": [15, 0, 0]
					}
				},
				"right_wing1": {
					"rotation": {
						"0.0": [66.91342, 27.06807, 46.871],
						"0.25": [71.76346, 28.57196, 55.7172],
						"0.5": [56.26501, 9.93191, 14.48174],
						"0.75": [55.6431, -7.13136, -10.29284],
						"1.0": [60.16243, -19.20748, -29.83757],
						"1.25": [63.94035, 19.41847, 33.96602],
						"1.5": [66.91342, 27.06807, 46.871],
						"1.75": [66.91342, 27.06807, 46.871]
					}
				},
				"right_wing2": {
					"rotation": {
						"0.0": [0, 12.5, 0],
						"0.5": [0, -17.5, 0],
						"0.75": [0, -17.5, 0],
						"1.0": [0, -30, 0],
						"1.125": [0, -48.75, 0],
						"1.25": [0, -10.83, 0],
						"1.5": [0, -17.5, 0],
						"1.75": [0, 12.5, 0]
					}
				},
				"right_palm1": {
					"rotation": {
						"0.0": [0, 15, 0],
						"0.5": [0, -25, 0],
						"0.75": [0, 12.5, 0],
						"1.0": [0, -37.5, 0],
						"1.125": [0, -56.25, 0],
						"1.25": [0, -100.83, 0],
						"1.5": [0, -25, 0],
						"1.75": [0, 15, 0]
					}
				},
				"right_finger1": {
					"rotation": {
						"0.0": [0, 0, 5],
						"0.75": [0, 0, 12.5],
						"1.75": [0, 0, 5]
					}
				},
				"right_finger3": {
					"rotation": {
						"0.0": [0, 0, -5],
						"0.75": [0, 0, -15],
						"1.75": [0, 0, -5]
					}
				},
				"right_thumb": {
					"rotation": {
						"0.0": [0, 0, 5],
						"0.75": [0, 0, 12.5],
						"1.75": [0, 0, 5]
					}
				},
				"left_wing1": {
					"rotation": {
						"0.0": [65.76822, -26.06465, -44.31081],
						"0.25": [73.61576, -29.86871, -59.68629],
						"0.5": [56.26501, -9.93191, -14.48174],
						"0.75": [55.6431, 7.13136, 10.29284],
						"1.0": [59.43607, 17.94973, 27.55814],
						"1.25": [65.85434, -22.24541, -39.99036],
						"1.5": [66.91342, -27.06807, -46.871],
						"1.75": [65.76822, -26.06465, -44.31081]
					}
				},
				"left_wing2": {
					"rotation": {
						"0.0": [0, -12.5, 0],
						"0.5": [0, 17.5, 0],
						"0.75": [0, 17.5, 0],
						"1.0": [0, 30, 0],
						"1.125": [0, 48.75, 0],
						"1.25": [0, 25.83, 0],
						"1.5": [0, 17.5, 0],
						"1.75": [0, -12.5, 0]
					}
				},
				"left_palm1": {
					"rotation": {
						"0.0": [0, -15, 0],
						"0.5": [0, 25, 0],
						"0.75": [0, -12.5, 0],
						"1.0": [0, 37.5, 0],
						"1.125": [0, 56.25, 0],
						"1.25": [0, 88.33, 0],
						"1.5": [0, 25, 0],
						"1.75": [0, -15, 0]
					}
				},
				"left_finger1": {
					"rotation": {
						"0.0": [0, 0, -5],
						"0.75": [0, 0, -12.5],
						"1.75": [0, 0, -5]
					}
				},
				"left_finger3": {
					"rotation": {
						"0.0": [0, 0, 5],
						"0.75": [0, 0, 15],
						"1.75": [0, 0, 5]
					}
				},
				"left_thumb": {
					"rotation": {
						"0.0": [0, 0, -5],
						"0.75": [0, 0, -12.5],
						"1.75": [0, 0, -5]
					}
				}
			}
		},
		"animation.lugia.air_fly": {
			"loop": true,
			"animation_length": 1.75,
			"bones": {
				"torso": {
					"rotation": {
						"0.0": [12.5, 0, 0],
						"1.75": [12.5, 0, 0]
					},
					"position": {
						"0.0": [0, 14, 0],
						"0.5": [0, 12, 0],
						"0.75": [0, 6, 0],
						"1.0": [0, 8, 0],
						"1.25": [0, 5, 0],
						"1.5": [0, 13, 0],
						"1.75": [0, 14, 0]
					}
				},
				"left_leg": {
					"rotation": {
						"0.0": [15, 0, 0],
						"1.25": [-10, 0, 0],
						"1.75": [15, 0, 0]
					},
					"position": [0, 0, 0.5]
				},
				"left_foot": {
					"rotation": {
						"0.0": [35, 0, 0],
						"1.25": [15, 0, 0],
						"1.75": [35, 0, 0]
					}
				},
				"right_leg": {
					"rotation": {
						"0.0": [15, 0, 0],
						"1.25": [-10, 0, 0],
						"1.75": [15, 0, 0]
					},
					"position": [0, 0, 0.5]
				},
				"right_foot": {
					"rotation": {
						"0.0": [35, 0, 0],
						"1.25": [15, 0, 0],
						"1.75": [35, 0, 0]
					}
				},
				"tail1": {
					"rotation": {
						"0.0": [-2.5, 0, 0],
						"1.25": [-34.11, 0, 0],
						"1.75": [-2.5, 0, 0]
					}
				},
				"tail2": {
					"rotation": {
						"0.0": [12.5, 0, 0],
						"1.25": [-5, 0, 0],
						"1.75": [12.5, 0, 0]
					}
				},
				"tail3": {
					"rotation": {
						"0.0": [20.01365, -2.41476, -0.64743],
						"1.25": [0.01365, -2.41476, -0.64743],
						"1.75": [20.01365, -2.41476, -0.64743]
					}
				},
				"tail4": {
					"rotation": {
						"0.0": [37.5, 0, 0],
						"1.25": [2.5, 0, 0],
						"1.75": [37.5, 0, 0]
					}
				},
				"neck1": {
					"rotation": {
						"0.0": [12.5, 0, 0],
						"1.25": [10, 0, 0],
						"1.75": [12.5, 0, 0]
					}
				},
				"neck2": {
					"rotation": {
						"0.0": [10, 0, 0],
						"1.25": [5, 0, 0],
						"1.75": [10, 0, 0]
					}
				},
				"head": {
					"rotation": [-17.5, 0, 0]
				},
				"jaw": {
					"rotation": {
						"0.0": [15, 0, 0],
						"1.25": [5, 0, 0],
						"1.75": [15, 0, 0]
					}
				},
				"right_wing1": {
					"rotation": {
						"0.0": [66.91342, 27.06807, 46.871],
						"0.25": [71.76346, 28.57196, 55.7172],
						"0.5": [56.26501, 9.93191, 14.48174],
						"0.75": [55.6431, -7.13136, -10.29284],
						"1.0": [60.16243, -19.20748, -29.83757],
						"1.25": [63.94035, 19.41847, 33.96602],
						"1.5": [66.91342, 27.06807, 46.871],
						"1.75": [66.91342, 27.06807, 46.871]
					}
				},
				"right_wing2": {
					"rotation": {
						"0.0": [0, 12.5, 0],
						"0.5": [0, -17.5, 0],
						"0.75": [0, -17.5, 0],
						"1.0": [0, -30, 0],
						"1.125": [0, -48.75, 0],
						"1.25": [0, -10.83, 0],
						"1.5": [0, -17.5, 0],
						"1.75": [0, 12.5, 0]
					}
				},
				"right_palm1": {
					"rotation": {
						"0.0": [0, 15, 0],
						"0.5": [0, -25, 0],
						"0.75": [0, 12.5, 0],
						"1.0": [0, -37.5, 0],
						"1.125": [0, -56.25, 0],
						"1.25": [0, -100.83, 0],
						"1.5": [0, -25, 0],
						"1.75": [0, 15, 0]
					}
				},
				"right_finger1": {
					"rotation": {
						"0.0": [0, 0, 5],
						"0.75": [0, 0, 12.5],
						"1.75": [0, 0, 5]
					}
				},
				"right_finger3": {
					"rotation": {
						"0.0": [0, 0, -5],
						"0.75": [0, 0, -15],
						"1.75": [0, 0, -5]
					}
				},
				"right_thumb": {
					"rotation": {
						"0.0": [0, 0, 5],
						"0.75": [0, 0, 12.5],
						"1.75": [0, 0, 5]
					}
				},
				"left_wing1": {
					"rotation": {
						"0.0": [65.76822, -26.06465, -44.31081],
						"0.25": [73.61576, -29.86871, -59.68629],
						"0.5": [56.26501, -9.93191, -14.48174],
						"0.75": [55.6431, 7.13136, 10.29284],
						"1.0": [59.43607, 17.94973, 27.55814],
						"1.25": [65.85434, -22.24541, -39.99036],
						"1.5": [66.91342, -27.06807, -46.871],
						"1.75": [65.76822, -26.06465, -44.31081]
					}
				},
				"left_wing2": {
					"rotation": {
						"0.0": [0, -12.5, 0],
						"0.5": [0, 17.5, 0],
						"0.75": [0, 17.5, 0],
						"1.0": [0, 30, 0],
						"1.125": [0, 48.75, 0],
						"1.25": [0, 25.83, 0],
						"1.5": [0, 17.5, 0],
						"1.75": [0, -12.5, 0]
					}
				},
				"left_palm1": {
					"rotation": {
						"0.0": [0, -15, 0],
						"0.5": [0, 25, 0],
						"0.75": [0, -12.5, 0],
						"1.0": [0, 37.5, 0],
						"1.125": [0, 56.25, 0],
						"1.25": [0, 88.33, 0],
						"1.5": [0, 25, 0],
						"1.75": [0, -15, 0]
					}
				},
				"left_finger1": {
					"rotation": {
						"0.0": [0, 0, -5],
						"0.75": [0, 0, -12.5],
						"1.75": [0, 0, -5]
					}
				},
				"left_finger3": {
					"rotation": {
						"0.0": [0, 0, 5],
						"0.75": [0, 0, 15],
						"1.75": [0, 0, 5]
					}
				},
				"left_thumb": {
					"rotation": {
						"0.0": [0, 0, -5],
						"0.75": [0, 0, -12.5],
						"1.75": [0, 0, -5]
					}
				}
			}
		},
		"animation.lugia.water_swim": {
			"loop": true,
			"animation_length": 2,
			"bones": {
				"torso": {
					"rotation": {
						"0.0": [90, 0, 0],
						"1.0": [92.5, 0, 0],
						"2.0": [90, 0, 0]
					},
					"position": {
						"0.0": [0, 0, -3],
						"1.0": [0, 0, -6],
						"1.5": [0, 0, -2.5],
						"2.0": [0, 0, -3]
					}
				},
				"left_leg": {
					"rotation": {
						"0.0": [-37.5, 0, 0],
						"1.0": [-2.5, 0, 0],
						"2.0": [-37.5, 0, 0]
					}
				},
				"left_foot": {
					"rotation": {
						"0.0": [-17.5, 0, 0],
						"1.0": [50, 0, 0],
						"2.0": [-17.5, 0, 0]
					}
				},
				"right_leg": {
					"rotation": {
						"0.0": [-37.5, 0, 0],
						"1.0": [2.5, 0, 0],
						"2.0": [-37.5, 0, 0]
					}
				},
				"right_foot": {
					"rotation": {
						"0.0": [-17.5, 0, 0],
						"1.0": [50, 0, 0],
						"2.0": [-17.5, 0, 0]
					}
				},
				"tail1": {
					"rotation": {
						"0.0": [-75, 0, 0],
						"2.0": [-75, 0, 0]
					},
					"position": {
						"0.0": [0, -2, -3],
						"2.0": [0, -2, -3]
					}
				},
				"tail2": {
					"rotation": {
						"0.0": [-22.5, 0, 0],
						"1.0": [-7.5, 0, 0],
						"2.0": [-22.5, 0, 0]
					}
				},
				"tail3": {
					"rotation": {
						"0.0": [-17.5, 0, 0],
						"1.0": [5, 0, 0],
						"2.0": [-17.5, 0, 0]
					}
				},
				"tail4": {
					"rotation": {
						"0.0": [-5, 0, 0],
						"1.0": [22.5, 0, 0],
						"2.0": [-5, 0, 0]
					}
				},
				"neck2": {
					"rotation": {
						"0.0": [-17.5, 0, 0],
						"1.0": [-12.5, 0, 0],
						"2.0": [-17.5, 0, 0]
					}
				},
				"head": {
					"rotation": {
						"0.0": [-42.5, 0, 0],
						"1.0": [-35, 0, 0],
						"2.0": [-42.5, 0, 0]
					}
				},
				"right_wing1": {
					"rotation": {
						"0.0": [-12.2921, 30.32448, -23.34288],
						"0.5": [38.66648, 23.59104, 54.94467],
						"1.0": [-26.21307, -34.73537, 40.8298],
						"1.5": [40.00196, -2.68102, -21.11443],
						"2.0": [-12.2921, 30.32448, -23.34288]
					}
				},
				"right_wing2": {
					"rotation": {
						"0.0": [0, 12.5, 0],
						"0.5": [3.18458, 6.79382, 25.18908],
						"1.0": [0, 2.5, 0],
						"1.5": [-2.88419, 6.92618, -22.67458],
						"2.0": [0, 12.5, 0]
					}
				},
				"right_palm1": {
					"rotation": {
						"0.0": [0, 17.5, 0],
						"0.5": [0.37594, 1.19214, 17.50391],
						"1.0": [0, -15, 0],
						"1.5": [-0.57726, 1.10874, -27.50559],
						"2.0": [0, 17.5, 0]
					}
				},
				"right_finger1": {
					"rotation": {
						"0.0": [0, 0, 10],
						"1.0": [0, 0, 25],
						"2.0": [0, 0, 10]
					}
				},
				"right_finger3": {
					"rotation": {
						"0.0": [0, 0, -10],
						"1.0": [0, 0, -25],
						"2.0": [0, 0, -10]
					}
				},
				"right_thumb": {
					"rotation": {
						"0.0": [0, 0, 10],
						"1.0": [0, 0, 25],
						"2.0": [0, 0, 10]
					}
				},
				"left_wing1": {
					"rotation": {
						"0.0": [-10.8448, -30.82594, 20.49807],
						"0.5": [34.926, -20.79333, -56.89656],
						"1.0": [-24.61562, 35.80852, -38.06394],
						"1.5": [35.7316, 10.89834, 18.44559],
						"2.0": [-10.8448, -30.82594, 20.49807]
					}
				},
				"left_wing2": {
					"rotation": {
						"0.0": [0, -12.5, 0],
						"0.5": [2.57816, -7.04533, -20.15874],
						"1.0": [0, -2.5, 0],
						"1.5": [-3.18458, -6.79382, 25.18908],
						"2.0": [0, -12.5, 0]
					}
				},
				"left_palm1": {
					"rotation": {
						"0.0": [0, -17.5, 0],
						"0.5": [0.47842, -1.15484, -22.50482],
						"1.0": [0, 15, 0],
						"1.5": [-0.42759, -1.1746, 20.00438],
						"2.0": [0, -17.5, 0]
					}
				},
				"left_finger1": {
					"rotation": {
						"0.0": [0, 0, -10],
						"1.0": [0, 0, -25],
						"2.0": [0, 0, -10]
					}
				},
				"left_finger3": {
					"rotation": {
						"0.0": [0, 0, 10],
						"1.0": [0, 0, 25],
						"2.0": [0, 0, 10]
					}
				},
				"left_thumb": {
					"rotation": {
						"0.0": [0, 0, -10],
						"1.0": [0, 0, -22.5],
						"2.0": [0, 0, -10]
					}
				}
			}
		},
		"animation.lugia.water_idle": {
			"loop": true,
			"animation_length": 2,
			"bones": {
				"torso": {
					"rotation": {
						"0.0": [-5, 0, 0],
						"2.0": [-5, 0, 0]
					},
					"position": {
						"0.0": [0, 8, 1],
						"1.0": [0, 8, -1],
						"2.0": [0, 8, 1]
					}
				},
				"left_leg": {
					"rotation": {
						"0.0": [-15, 0, 0],
						"1.0": [-2.5, 0, 0],
						"2.0": [-15, 0, 0]
					}
				},
				"left_foot": {
					"rotation": {
						"0.0": [-17.5, 0, 0],
						"1.0": [9.69, 0, 0],
						"2.0": [-17.5, 0, 0]
					}
				},
				"right_leg": {
					"rotation": {
						"0.0": [-15, 0, 0],
						"1.0": [2.5, 0, 0],
						"2.0": [-15, 0, 0]
					}
				},
				"right_foot": {
					"rotation": {
						"0.0": [-17.5, 0, 0],
						"1.0": [9.69, 0, 0],
						"2.0": [-17.5, 0, 0]
					}
				},
				"tail1": {
					"rotation": {
						"0.0": [-75, 0, 0],
						"2.0": [-75, 0, 0]
					},
					"position": {
						"0.0": [0, -2, -3],
						"2.0": [0, -2, -3]
					}
				},
				"tail2": {
					"rotation": {
						"0.0": [-42.5, 0, 0],
						"1.0": [-62.5, 0, 0],
						"2.0": [-42.5, 0, 0]
					}
				},
				"tail3": {
					"rotation": {
						"0.0": [-60, 0, 0],
						"1.0": [-52.5, 0, 0],
						"2.0": [-60, 0, 0]
					}
				},
				"tail4": {
					"rotation": {
						"0.0": [-60, 0, 0],
						"1.0": [-65, 0, 0],
						"2.0": [-60, 0, 0]
					}
				},
				"neck2": {
					"rotation": {
						"0.0": [0, 0, 0],
						"1.0": [0, 0, 0],
						"2.0": [0, 0, 0]
					}
				},
				"head": {
					"rotation": {
						"0.0": [7.5, 0, 0],
						"1.0": [22.5, 0, 0],
						"2.0": [7.5, 0, 0]
					}
				},
				"right_wing1": {
					"rotation": {
						"0.0": [15.06885, 29.14089, 28.93803],
						"1.0": [31.72523, -77.36946, -51.44934],
						"2.0": [15.06885, 29.14089, 28.93803]
					}
				},
				"right_wing2": {
					"rotation": {
						"0.0": [0, 12.5, 0],
						"0.5": [0, -20, 0],
						"1.5": [0, 29.17, 0],
						"2.0": [0, 12.5, 0]
					}
				},
				"right_palm1": {
					"rotation": {
						"0.0": [0, 17.5, 0],
						"0.5": [0, -52.5, 0],
						"1.0": [0, -32.5, 0],
						"1.5": [0, 22.5, 0],
						"2.0": [0, 17.5, 0]
					}
				},
				"right_finger1": {
					"rotation": {
						"0.0": [0, 0, 10],
						"1.0": [0, 0, 25],
						"2.0": [0, 0, 10]
					}
				},
				"right_finger3": {
					"rotation": {
						"0.0": [0, 0, -10],
						"1.0": [0, 0, -25],
						"2.0": [0, 0, -10]
					}
				},
				"right_thumb": {
					"rotation": {
						"0.0": [0, 0, 10],
						"1.0": [0, 0, 25],
						"2.0": [0, 0, 10]
					}
				},
				"left_wing1": {
					"rotation": {
						"0.0": [12.2921, -30.32448, -23.34288],
						"1.0": [25.29544, 72.17996, 43.99397],
						"2.0": [12.2921, -30.32448, -23.34288]
					}
				},
				"left_wing2": {
					"rotation": {
						"0.0": [0, -12.5, 0],
						"0.5": [0, 20, 0],
						"1.0": [0, -2.5, 0],
						"1.5": [0, -27.5, 0],
						"2.0": [0, -12.5, 0]
					}
				},
				"left_palm1": {
					"rotation": {
						"0.0": [0, -17.5, 0],
						"0.5": [0, 52.5, 0],
						"1.0": [0, 32.5, 0],
						"1.5": [0, -22.5, 0],
						"2.0": [0, -17.5, 0]
					}
				},
				"left_finger1": {
					"rotation": {
						"0.0": [0, 0, -10],
						"1.0": [0, 0, -25],
						"2.0": [0, 0, -10]
					}
				},
				"left_finger3": {
					"rotation": {
						"0.0": [0, 0, 10],
						"1.0": [0, 0, 25],
						"2.0": [0, 0, 10]
					}
				},
				"left_thumb": {
					"rotation": {
						"0.0": [0, 0, -10],
						"1.0": [0, 0, -22.5],
						"2.0": [0, 0, -10]
					}
				},
				"neck1": {
					"rotation": {
						"0.0": [25, 0, 0],
						"1.0": [12.5, 0, 0],
						"2.0": [25, 0, 0]
					}
				}
			}
		},
		"animation.lugia.ground_idle": {
			"loop": true,
			"animation_length": 3,
			"bones": {
				"torso": {
					"rotation": {
						"0.0": [0, 0, 0],
						"1.5": [2.5, 0, 0],
						"3.0": [0, 0, 0]
					}
				},
				"bottom": {
					"rotation": {
						"0.0": [0, 0, 0],
						"1.5": [-2.5, 0, 0],
						"3.0": [0, 0, 0]
					}
				},
				"tail1": {
					"rotation": {
						"0.0": [2.5, 0, 0],
						"1.5": [-2.5, 0, 0],
						"3.0": [2.5, 0, 0]
					}
				},
				"tail2": {
					"rotation": {
						"0.0": [5, 0, 0],
						"1.5": [-10, 0, 0],
						"3.0": [5, 0, 0]
					}
				},
				"tail3": {
					"rotation": {
						"0.0": [7.5, 0, 0],
						"1.5": [7.5, 0, 0],
						"3.0": [7.5, 0, 0]
					}
				},
				"tail4": {
					"rotation": {
						"0.0": [15, 0, 0],
						"1.5": [12.5, 0, 0],
						"3.0": [15, 0, 0]
					}
				},
				"neck1": {
					"rotation": {
						"0.0": [-7.5, 0, 0],
						"1.5": [2.5, 0, 0],
						"3.0": [-7.5, 0, 0]
					}
				},
				"neck2": {
					"rotation": {
						"0.0": [17.5, 0, 0],
						"3.0": [17.5, 0, 0]
					}
				},
				"head": {
					"rotation": {
						"0.0": [2.5, 0, 0],
						"1.5": [-2.5, 0, 0],
						"3.0": [2.5, 0, 0]
					}
				},
				"right_wing1": {
					"rotation": {
						"0.0": [87.52136, -0.32621, -7.49294],
						"1.5": [87.58508, -0.64686, -14.98637],
						"3.0": [87.52136, -0.32621, -7.49294]
					}
				},
				"right_wing2": {
					"rotation": {
						"0.0": [0, -10, 0],
						"3.0": [0, -10, 0]
					}
				},
				"right_palm1": {
					"rotation": {
						"0.0": [0, -57.5, 0],
						"3.0": [0, -57.5, 0]
					}
				},
				"right_finger1": {
					"rotation": {
						"0.0": [0, 0, 7.5],
						"3.0": [0, 0, 7.5]
					}
				},
				"right_finger3": {
					"rotation": {
						"0.0": [0, 0, -7.5],
						"3.0": [0, 0, -7.5]
					}
				},
				"right_thumb": {
					"rotation": {
						"0.0": [0, 0, 7.5],
						"3.0": [0, 0, 7.5]
					}
				},
				"left_wing1": {
					"rotation": {
						"0.0": [90, 0, 7.5],
						"1.5": [90, 0, 15],
						"3.0": [90, 0, 7.5]
					}
				},
				"left_wing2": {
					"rotation": {
						"0.0": [0, 10, 0],
						"3.0": [0, 10, 0]
					}
				},
				"left_palm1": {
					"rotation": {
						"0.0": [0, 57.5, 0],
						"3.0": [0, 57.5, 0]
					}
				},
				"left_finger1": {
					"rotation": {
						"0.0": [0, 0, -7.5],
						"3.0": [0, 0, -7.5]
					}
				},
				"left_finger3": {
					"rotation": {
						"0.0": [0, 0, 7.5],
						"3.0": [0, 0, 7.5]
					}
				},
				"left_thumb": {
					"rotation": {
						"0.0": [0, 0, -7.5],
						"3.0": [0, 0, -7.5]
					}
				}
			}
		},
		"animation.lugia.ground_walk": {
			"loop": true,
			"animation_length": 2,
			"bones": {
				"torso": {
					"rotation": {
						"0.0": [0, 0, 0],
						"0.5": [6.64, 0, 0],
						"1.5": [-2.5, 0, 0],
						"2.0": [0, 0, 0]
					}
				},
				"bottom": {
					"rotation": {
						"0.0": [0, 0, 0],
						"2.0": [0, 0, 0]
					}
				},
				"tail1": {
					"rotation": {
						"0.0": [2.5, 0, 0],
						"1.0": [-2.5, 0, 0],
						"2.0": [2.5, 0, 0]
					}
				},
				"tail2": {
					"rotation": {
						"0.0": [5, 0, 0],
						"1.0": [-5, 0, 0],
						"2.0": [5, 0, 0]
					}
				},
				"tail3": {
					"rotation": {
						"0.0": [7.5, 0, 0],
						"1.0": [2.5, 0, 0],
						"2.0": [7.5, 0, 0]
					}
				},
				"tail4": {
					"rotation": {
						"0.0": [15, 0, 0],
						"1.0": [-7.5, 0, 0],
						"2.0": [15, 0, 0]
					}
				},
				"neck1": {
					"rotation": {
						"0.0": [-7.5, 0, 0],
						"1.0": [0, 0, 0],
						"2.0": [-7.5, 0, 0]
					}
				},
				"neck2": {
					"rotation": {
						"0.0": [17.5, 0, 0],
						"1.0": [15, 0, 0],
						"2.0": [17.5, 0, 0]
					}
				},
				"head": {
					"rotation": {
						"0.0": [2.5, 0, 0],
						"2.0": [2.5, 0, 0]
					}
				},
				"right_wing1": {
					"rotation": {
						"0.0": [87.52136, -0.32621, -7.49294],
						"2.0": [87.52136, -0.32621, -7.49294]
					}
				},
				"right_wing2": {
					"rotation": {
						"0.0": [0, -10, 0],
						"2.0": [0, -10, 0]
					}
				},
				"right_palm1": {
					"rotation": {
						"0.0": [0, -57.5, 0],
						"2.0": [0, -57.5, 0]
					}
				},
				"right_finger1": {
					"rotation": {
						"0.0": [0, 0, 7.5],
						"2.0": [0, 0, 7.5]
					}
				},
				"right_finger3": {
					"rotation": {
						"0.0": [0, 0, -7.5],
						"2.0": [0, 0, -7.5]
					}
				},
				"right_thumb": {
					"rotation": {
						"0.0": [0, 0, 7.5],
						"2.0": [0, 0, 7.5]
					}
				},
				"left_wing1": {
					"rotation": {
						"0.0": [90, 0, 7.5],
						"2.0": [90, 0, 7.5]
					}
				},
				"left_wing2": {
					"rotation": {
						"0.0": [0, 10, 0],
						"2.0": [0, 10, 0]
					}
				},
				"left_palm1": {
					"rotation": {
						"0.0": [0, 57.5, 0],
						"2.0": [0, 57.5, 0]
					}
				},
				"left_finger1": {
					"rotation": {
						"0.0": [0, 0, -7.5],
						"2.0": [0, 0, -7.5]
					}
				},
				"left_finger3": {
					"rotation": {
						"0.0": [0, 0, 7.5],
						"2.0": [0, 0, 7.5]
					}
				},
				"left_thumb": {
					"rotation": {
						"0.0": [0, 0, -7.5],
						"2.0": [0, 0, -7.5]
					}
				},
				"left_leg": {
					"rotation": {
						"0.0": [0, 0, 0],
						"0.5": [-37.5, 0, 0],
						"1.0": [0, 0, 0],
						"1.5": [57.5, 0, 0],
						"1.75": [-28.75, 0, 0],
						"2.0": [0, 0, 0]
					}
				},
				"left_foot": {
					"rotation": {
						"0.0": [0, 0, 0],
						"0.5": [30.1, 0, 0],
						"1.0": [-2.45, 0, 0],
						"1.5": [-30, 0, 0],
						"2.0": [0, 0, 0]
					}
				},
				"right_leg": {
					"rotation": {
						"0.0": [0, 0, 0],
						"0.5": [40, 0, 0],
						"0.75": [-27.5, 0, 0],
						"1.0": [0, 0, 0],
						"1.5": [-30, 0, 0],
						"2.0": [0, 0, 0]
					}
				},
				"right_foot": {
					"rotation": {
						"0.0": [0, 0, 0],
						"0.5": [-30.1, 0, 0],
						"1.0": [-2.55, 0, 0],
						"1.5": [35, 0, 0],
						"2.0": [0, 0, 0]
					}
				},
				"jaw": {
					"rotation": {
						"0.0": [0, 0, 0],
						"1.0": [7.5, 0, 0],
						"2.0": [0, 0, 0]
					}
				}
			}
		},
		"animation.lugia.faint": {
			"loop": "hold_on_last_frame",
			"animation_length": 3,
			"bones": {
				"torso": {
					"rotation": {
						"0.0": [0, 0, 0],
						"0.5": {
							"pre": [25, 0, 0],
							"post": [25, 0, 0],
							"lerp_mode": "catmullrom"
						},
						"0.75": {
							"post": [40, 0, 0],
							"lerp_mode": "catmullrom"
						},
						"1.25": {
							"post": [92.5, 0, 0],
							"lerp_mode": "catmullrom"
						},
						"1.75": [92.5, 0, 0]
					},
					"position": {
						"0.5": {
							"pre": [0, 0, 0],
							"post": [0, 0, 0],
							"lerp_mode": "catmullrom"
						},
						"0.75": {
							"post": [0, -1, 0],
							"lerp_mode": "catmullrom"
						},
						"1.25": {
							"post": [0, -12, 0],
							"lerp_mode": "catmullrom"
						},
						"1.75": [0, -12, 0]
					}
				},
				"bottom": {
					"rotation": {
						"0.0": [0, 0, 0],
						"0.5": {
							"pre": [-25, 0, 0],
							"post": [-25, 0, 0],
							"lerp_mode": "catmullrom"
						},
						"0.75": {
							"post": [-42.5, 0, 0],
							"lerp_mode": "catmullrom"
						},
						"1.0": {
							"post": [38.91, 0, 0],
							"lerp_mode": "catmullrom"
						},
						"1.25": {
							"post": [-2.5, 0, 0],
							"lerp_mode": "catmullrom"
						},
						"1.75": [-2.5, 0, 0]
					}
				},
				"left_leg": {
					"rotation": {
						"0.0": [0, 0, 0],
						"0.5": [0, 0, 0],
						"0.75": [45, 0, 0],
						"1.75": [45, 0, 0]
					}
				},
				"right_leg": {
					"rotation": {
						"0.0": [0, 0, 0],
						"0.75": [0, 0, 0],
						"1.0": [45, 0, 0],
						"1.75": [45, 0, 0]
					}
				},
				"tail1": {
					"rotation": {
						"0.0": [2.5, 0, 0],
						"0.75": [-2.14, 0, 0],
						"1.75": [-90, 0, 0]
					}
				},
				"tail2": {
					"rotation": {
						"0.0": [5, 0, 0],
						"1.75": [-30, 0, 0]
					}
				},
				"tail3": {
					"rotation": {
						"0.0": [7.5, 0, 0],
						"1.75": [10, 0, 0]
					}
				},
				"tail4": {
					"rotation": [15, 0, 0]
				},
				"neck1": {
					"rotation": {
						"0.0": [-7.5, 0, 0],
						"0.5": {
							"pre": [15, 0, 0],
							"post": [15, 0, 0],
							"lerp_mode": "catmullrom"
						},
						"0.75": {
							"post": [30, 0, 0],
							"lerp_mode": "catmullrom"
						},
						"1.0": {
							"post": [-2.5, 0, 0],
							"lerp_mode": "catmullrom"
						},
						"1.3333": {
							"post": [-15, 0, 0],
							"lerp_mode": "catmullrom"
						},
						"1.75": [4.35813, 74.95847, 4.20935]
					}
				},
				"neck2": {
					"rotation": {
						"0.0": [17.5, 0, 0],
						"0.5": {
							"pre": [22.5, 0, 0],
							"post": [22.5, 0, 0],
							"lerp_mode": "catmullrom"
						},
						"0.75": {
							"post": [-27.5, 0, 0],
							"lerp_mode": "catmullrom"
						},
						"1.0": {
							"post": [-30, 0, 0],
							"lerp_mode": "catmullrom"
						},
						"1.75": [5, 0, 0]
					}
				},
				"head": {
					"rotation": {
						"0.0": [2.5, 0, 0],
						"0.75": [-15, 0, 0],
						"1.0": [-27.5, 0, 0],
						"1.3333": [-42.5, 0, 0],
						"1.75": [-5, 0, 0]
					}
				},
				"jaw": {
					"rotation": {
						"0.0": {
							"post": [0, 0, 0],
							"lerp_mode": "catmullrom"
						},
						"0.6667": {
							"post": [-0.31, 0, 0],
							"lerp_mode": "catmullrom"
						},
						"0.75": {
							"post": [25, 0, 0],
							"lerp_mode": "catmullrom"
						},
						"1.0": {
							"post": [47.5, 0, 0],
							"lerp_mode": "catmullrom"
						},
						"1.2917": {
							"post": [47.5, 0, 0],
							"lerp_mode": "catmullrom"
						},
						"1.375": {
							"post": [0, 0, 0],
							"lerp_mode": "catmullrom"
						},
						"1.75": [0, 0, 0]
					}
				},
				"right_wing1": {
					"rotation": {
						"0.0": [87.52136, -0.32621, -7.49294],
						"0.5": {
							"pre": [30.02136, -0.32621, -7.49294],
							"post": [30.02136, -0.32621, -7.49294],
							"lerp_mode": "catmullrom"
						},
						"1.75": [30.02136, -0.32621, -7.49294]
					}
				},
				"right_wing2": {
					"rotation": {
						"0.0": [0, -10, 0],
						"0.75": [0, -10, 0],
						"1.0": [0, 27.5, 0],
						"1.75": [0, -10, 0]
					}
				},
				"right_palm1": {
					"rotation": {
						"0.0": [0, -57.5, 0],
						"1.25": [0, -57.5, 0],
						"1.5": [0, 2.5, 0],
						"1.75": [0, 2.5, 0]
					}
				},
				"right_finger1": {
					"rotation": {
						"0.0": [0, 0, 7.5],
						"1.75": [0, 0, 7.5]
					}
				},
				"right_finger3": {
					"rotation": {
						"0.0": [0, 0, -7.5],
						"1.75": [0, 0, -7.5]
					}
				},
				"right_thumb": {
					"rotation": {
						"0.0": [0, 0, 7.5],
						"1.75": [0, 0, 7.5]
					}
				},
				"left_wing1": {
					"rotation": {
						"0.0": [90, 0, 7.5],
						"0.5": {
							"pre": [42.5, 0, 7.5],
							"post": [42.5, 0, 7.5],
							"lerp_mode": "catmullrom"
						},
						"1.75": [42.5, 0, 7.5]
					}
				},
				"left_wing2": {
					"rotation": {
						"0.0": [0, 10, 0],
						"0.75": [0, 10, 0],
						"1.0": [0, -32.5, 0],
						"1.75": [0, 12.5, 0]
					}
				},
				"left_palm1": {
					"rotation": {
						"0.0": [0, 57.5, 0],
						"1.25": [0, 57.5, 0],
						"1.5": [0, 2.5, 0],
						"1.75": [0, 2.5, 0]
					}
				},
				"left_finger1": {
					"rotation": {
						"0.0": [0, 0, -7.5],
						"1.75": [0, 0, -7.5]
					}
				},
				"left_finger3": {
					"rotation": {
						"0.0": [0, 0, 7.5],
						"1.75": [0, 0, 7.5]
					}
				},
				"left_thumb": {
					"rotation": {
						"0.0": [0, 0, -7.5],
						"1.75": [0, 0, -7.5]
					}
				}
			}
		},
		"animation.lugia.sleep": {
			"loop": true,
			"animation_length": 2,
			"bones": {
				"torso": {
					"rotation": {
						"0.0": [0, 15, 90],
						"2.0": [0, 15, 90]
					},
					"position": {
						"0.0": [4, -8, 3],
						"1.0": [4, -8.25, 3],
						"2.0": [4, -8, 3]
					}
				},
				"bottom": {
					"rotation": {
						"0.0": [-39.02504, -9.57658, -11.59948],
						"2.0": [-39.02504, -9.57658, -11.59948]
					}
				},
				"tail1": {
					"rotation": {
						"0.0": [-42.5, 0, 0],
						"2.0": [-42.5, 0, 0]
					}
				},
				"tail2": {
					"rotation": {
						"0.0": [-58.76748, 16.66577, -25.31123],
						"2.0": [-58.76748, 16.66577, -25.31123]
					}
				},
				"tail3": {
					"rotation": {
						"0.0": [-62.58937, -2.30644, 4.43745],
						"2.0": [-62.58937, -2.30644, 4.43745]
					}
				},
				"tail4": {
					"rotation": {
						"0.0": [-57.59981, -15.951, -54.12596],
						"2.0": [-57.59981, -15.951, -54.12596]
					}
				},
				"neck1": {
					"rotation": {
						"0.0": [42.24682, -17.04679, -14.9092],
						"2.0": [42.24682, -17.04679, -14.9092]
					}
				},
				"neck2": {
					"rotation": {
						"0.0": [55, 0, 0],
						"2.0": [55, 0, 0]
					}
				},
				"right_wing1": {
					"rotation": {
						"0.0": [0, -110, 0],
						"2.0": [0, -110, 0]
					}
				},
				"right_wing2": {
					"rotation": {
						"0.0": [0, 0, 35],
						"2.0": [0, 0, 35]
					}
				},
				"right_palm1": {
					"rotation": {
						"0.0": [0, -20, 0],
						"2.0": [0, -20, 0]
					}
				},
				"right_palm2": {
					"rotation": {
						"0.0": [0, -5, 0],
						"2.0": [0, -5, 0]
					}
				},
				"right_finger2": {
					"rotation": {
						"0.0": [0, -42.5, 0],
						"2.0": [0, -42.5, 0]
					}
				},
				"right_finger1": {
					"rotation": {
						"0.0": [0, -52.5, 10],
						"2.0": [0, -52.5, 10]
					}
				},
				"right_finger3": {
					"rotation": {
						"0.0": [0, -47.5, -15],
						"2.0": [0, -47.5, -15]
					}
				},
				"right_thumb": {
					"rotation": {
						"0.0": [0, -40, 10],
						"2.0": [0, -40, 10]
					}
				},
				"left_wing1": {
					"rotation": {
						"0.0": [0, 55, 0],
						"2.0": [0, 55, 0]
					}
				},
				"left_wing2": {
					"rotation": {
						"0.0": [0, 20, 0],
						"2.0": [0, 20, 0]
					}
				},
				"left_finger1": {
					"rotation": {
						"0.0": [0, 0, -5],
						"2.0": [0, 0, -5]
					}
				},
				"left_finger3": {
					"rotation": {
						"0.0": [0, 0, 5],
						"2.0": [0, 0, 5]
					}
				},
				"left_thumb": {
					"rotation": {
						"0.0": [0, 0, -7.5],
						"2.0": [0, 0, -7.5]
					}
				}
			}
		}
	}
}