{
	"format_version": "1.8.0",
	"animations": {
		"animation.loporeon.ground_idle": {
			"loop": true,
			"animation_length": 1.66667,
			"bones": {
				"head": {
					"rotation": {
						"0.0": [0, 0, 0],
						"0.25": [0, 0, -10],
						"0.6667": [0, 0, 0],
						"0.8333": [0, 0, 0],
						"1.1667": [0, 0, 10],
						"1.6667": [0, 0, 0]
					}
				},
				"leftear": {
					"rotation": {
						"0.0": [0, 0, 0],
						"0.3333": [5, -17.5, 0],
						"0.75": [0, 0, 0],
						"0.9167": [0, 0, 0],
						"1.3333": [0, 15, 0],
						"1.6667": [0, 0, 0]
					}
				},
				"rightear": {
					"rotation": {
						"0.0": [0, 0, 0],
						"0.3333": [0, -15, 0],
						"0.75": [0, 0, 0],
						"0.9167": [0, 0, 0],
						"1.3333": [5, 17.5, 0],
						"1.6667": [0, 0, 0]
					}
				},
				"tail": {
					"rotation": {
						"0.0": [0, 0, 0],
						"0.3333": [0, 15, 0],
						"0.5833": [0, 15, 0],
						"0.8333": [0, 0, 0],
						"1.0833": [0, -15, 0],
						"1.3333": [0, -15, 0],
						"1.6667": [0, 0, 0]
					}
				},
				"tailtwo": {
					"rotation": {
						"0.0": [0, 0, 0],
						"0.3333": [0, 12, 0],
						"0.5": [0, 12, 0],
						"0.8333": [0, 0, 0],
						"1.0833": [0, -12, 0],
						"1.25": [0, -12, 0],
						"1.6667": [0, 0, 0]
					}
				},
				"tailthree": {
					"rotation": {
						"0.0": [0, 0, 0],
						"0.2917": [0, 12, 0],
						"0.4583": [0, 12, 0],
						"0.8333": [0, 0, 0],
						"1.0417": [0, -12, 0],
						"1.2083": [0, -12, 0],
						"1.6667": [0, 0, 0]
					}
				},
				"tailtip": {
					"rotation": {
						"0.0": [0, 0, 0],
						"0.25": [0, 12, 0],
						"0.4167": [0, 12, 0],
						"0.8333": [0, 0, 0],
						"1.0": [0, -12, 0],
						"1.1667": [0, -12, 0],
						"1.6667": [0, 0, 0]
					}
				}
			}
		},
		"animation.loporeon.ground_walk": {
			"loop": true,
			"animation_length": 0.5,
			"bones": {
				"loporeon": {
					"position": {
						"0.0": [0, 0, 0],
						"0.2083": [0, -2, 0],
						"0.3333": [0, 5, 0],
						"0.5": [0, 0, 0]
					}
				},
				"tail": {
					"rotation": {
						"0.0": [0, 0, 0],
						"0.2083": [2.5, 0, 0],
						"0.3333": [0, 0, 0],
						"0.4167": [0, 0, 0],
						"0.5": [0, 0, 0]
					}
				},
				"tailtwo": {
					"rotation": {
						"0.0": [0, 0, 0],
						"0.2083": [5, 0, 0],
						"0.3333": [0, 0, 0],
						"0.4167": [-5, 0, 0],
						"0.5": [0, 0, 0]
					}
				},
				"tailthree": {
					"rotation": {
						"0.0": [0, 0, 0],
						"0.2083": [-2.5, 0, 0],
						"0.3333": [0, 0, 0],
						"0.4167": [-5, 0, 0],
						"0.5": [0, 0, 0]
					}
				},
				"tailtip": {
					"rotation": {
						"0.0": [0, 0, 0],
						"0.2083": [-8, 0, 0],
						"0.2917": [0, 0, 0],
						"0.4583": [20.5, 0, 0],
						"0.5": [0, 0, 0]
					}
				},
				"upperrightleg": {
					"rotation": {
						"0.0": [0, 0, 0],
						"0.2083": [10, 0, 0],
						"0.3333": [0, 0, 0]
					},
					"position": [0, 0, 1]
				},
				"righthindleg": {
					"rotation": {
						"0.0": [0, 0, 0],
						"0.2083": [22.5, 0, 0],
						"0.3333": [0, 0, 0]
					},
					"position": {
						"0.0": [0, 0, 0],
						"0.2083": [0, 2, -0.5],
						"0.3333": [0, 0, 0]
					}
				},
				"upperleftleg": {
					"rotation": {
						"0.0": [0, 0, 0],
						"0.2083": [10, 0, 0],
						"0.3333": [0, 0, 0]
					}
				},
				"lefthindleg": {
					"rotation": {
						"0.0": [0, 0, 0],
						"0.2083": [22.5, 0, 0],
						"0.3333": [0, 0, 0]
					},
					"position": {
						"0.0": [0, 0, 0],
						"0.2083": [0, 2, 0.5],
						"0.3333": [0, 0, 0]
					}
				}
			}
		},
		"animation.loporeon.water_idle": {
			"loop": true,
			"animation_length": 1.75,
			"bones": {
				"upperrightleg": {
					"rotation": {
						"0.0": {
							"post": [0, 0, 0],
							"lerp_mode": "catmullrom"
						},
						"0.125": {
							"post": [20, 0, 0],
							"lerp_mode": "catmullrom"
						},
						"0.375": {
							"post": [-20, 0, 0],
							"lerp_mode": "catmullrom"
						},
						"0.6875": {
							"post": [20, 0, 0],
							"lerp_mode": "catmullrom"
						},
						"1.0": {
							"post": [-20, 0, 0],
							"lerp_mode": "catmullrom"
						},
						"1.3125": {
							"post": [20, 0, 0],
							"lerp_mode": "catmullrom"
						},
						"1.5625": {
							"post": [-20, 0, 0],
							"lerp_mode": "catmullrom"
						},
						"1.75": {
							"post": [0, 0, 0],
							"lerp_mode": "catmullrom"
						}
					}
				},
				"upperleftleg": {
					"rotation": {
						"0.0": {
							"post": [0, 0, 0],
							"lerp_mode": "catmullrom"
						},
						"0.125": {
							"post": [-20, 0, 0],
							"lerp_mode": "catmullrom"
						},
						"0.375": {
							"post": [20, 0, 0],
							"lerp_mode": "catmullrom"
						},
						"0.6875": {
							"post": [-20, 0, 0],
							"lerp_mode": "catmullrom"
						},
						"1.0": {
							"post": [20, 0, 0],
							"lerp_mode": "catmullrom"
						},
						"1.3125": {
							"post": [-20, 0, 0],
							"lerp_mode": "catmullrom"
						},
						"1.5625": {
							"post": [20, 0, 0],
							"lerp_mode": "catmullrom"
						},
						"1.75": {
							"post": [0, 0, 0],
							"lerp_mode": "catmullrom"
						}
					}
				},
				"loporeon": {
					"position": {
						"0.0": {
							"post": [0, 0, 0],
							"lerp_mode": "catmullrom"
						},
						"0.8125": {
							"post": [0, 4, 0],
							"lerp_mode": "catmullrom"
						},
						"1.75": {
							"post": [0, 0, 0],
							"lerp_mode": "catmullrom"
						}
					}
				},
				"leftarm": {
					"rotation": {
						"0.0": {
							"post": [0, 0, 0],
							"lerp_mode": "catmullrom"
						},
						"0.1875": {
							"post": [0, 0, 0],
							"lerp_mode": "catmullrom"
						},
						"0.375": {
							"post": [21.10919, -66.87713, -0.46693],
							"lerp_mode": "catmullrom"
						},
						"0.5625": {
							"post": [0, 0, 0],
							"lerp_mode": "catmullrom"
						},
						"0.75": {
							"post": [0, 0, 0],
							"lerp_mode": "catmullrom"
						},
						"0.9375": {
							"post": [21.10919, -66.87713, -0.46693],
							"lerp_mode": "catmullrom"
						},
						"1.125": {
							"post": [0, 0, 0],
							"lerp_mode": "catmullrom"
						},
						"1.3125": {
							"post": [0, 0, 0],
							"lerp_mode": "catmullrom"
						},
						"1.5": {
							"post": [21.10919, -66.87713, -0.46693],
							"lerp_mode": "catmullrom"
						},
						"1.75": {
							"post": [0, 0, 0],
							"lerp_mode": "catmullrom"
						}
					}
				},
				"rightarm": {
					"rotation": {
						"0.0": {
							"post": [0, 0, 0],
							"lerp_mode": "catmullrom"
						},
						"0.1875": {
							"post": [0, 0, 0],
							"lerp_mode": "catmullrom"
						},
						"0.375": {
							"post": [33.13158, 50.90499, 7.58275],
							"lerp_mode": "catmullrom"
						},
						"0.5625": {
							"post": [0, 0, 0],
							"lerp_mode": "catmullrom"
						},
						"0.75": {
							"post": [0, 0, 0],
							"lerp_mode": "catmullrom"
						},
						"0.9375": {
							"post": [33.13158, 50.90499, 7.58275],
							"lerp_mode": "catmullrom"
						},
						"1.125": {
							"post": [0, 0, 0],
							"lerp_mode": "catmullrom"
						},
						"1.3125": {
							"post": [0, 0, 0],
							"lerp_mode": "catmullrom"
						},
						"1.5": {
							"post": [33.13158, 50.90499, 7.58275],
							"lerp_mode": "catmullrom"
						},
						"1.75": {
							"post": [0, 0, 0],
							"lerp_mode": "catmullrom"
						}
					}
				},
				"tailone": {
					"rotation": {
						"0.0": [0, 0, 0],
						"0.25": [0, 0, 0],
						"0.6875": [7.5, 0, 0],
						"1.125": [0, 0, 0],
						"1.5": [7.5, 0, 0],
						"1.75": [0, 0, 0]
					},
					"position": {
						"0.0": [0, 0, 0],
						"1.75": [0, 0, 0]
					}
				},
				"tailtwo": {
					"rotation": {
						"0.0": [0, 0, 0],
						"0.25": [-12.5, 0, 0],
						"0.6875": [12.5, 0, 0],
						"1.125": [-12.5, 0, 0],
						"1.5": [12.5, 0, 0],
						"1.75": [0, 0, 0]
					},
					"position": {
						"0.0": [0, 0, 0],
						"1.75": [0, 0, 0]
					}
				},
				"tailthree": {
					"rotation": {
						"0.0": [0, 0, 0],
						"0.25": [-37.5, 0, 0],
						"0.6875": [12.5, 0, 0],
						"1.125": [-37.5, 0, 0],
						"1.5": [12.5, 0, 0],
						"1.75": [0, 0, 0]
					},
					"position": {
						"0.0": [0, 0, 0],
						"1.75": [0, 0, 0]
					}
				},
				"tailtip": {
					"rotation": {
						"0.0": [0, 0, 0],
						"0.25": [-15, 0, 0],
						"0.6875": [12.5, 0, 0],
						"1.125": [-15, 0, 0],
						"1.5": [12.5, 0, 0],
						"1.75": [0, 0, 0]
					},
					"position": {
						"0.0": [0, 0, 0],
						"1.75": [0, 0, 0]
					}
				}
			}
		},
		"animation.loporeon.water_swim": {
			"loop": true,
			"animation_length": 8.2917,
			"bones": {
				"loporeon": {
					"rotation": {
						"0.0": [0, 0, 0],
						"0.25": [42.5, 0, 0]
					}
				},
				"head": {
					"rotation": {
						"0.0": [0, 0, 0],
						"0.3333": [-25, 0, 0]
					},
					"position": {
						"0.0": [0, 0, 0],
						"0.3333": [0, -0.3, 0]
					}
				},
				"leftear": {
					"rotation": {
						"0.0": [0, 0, 0],
						"0.3333": [40, 0, 0]
					}
				},
				"rightear": {
					"rotation": {
						"0.0": [0, 0, 0],
						"0.3333": [40, 0, 0]
					}
				},
				"leftarm": {
					"rotation": {
						"0.0": {
							"post": [0, 0, 0],
							"lerp_mode": "catmullrom"
						},
						"0.2083": {
							"post": [0, 0, 0],
							"lerp_mode": "catmullrom"
						},
						"0.375": {
							"post": [21.10919, -66.87713, -0.46693],
							"lerp_mode": "catmullrom"
						},
						"0.5833": {
							"post": [0, 0, 0],
							"lerp_mode": "catmullrom"
						},
						"0.75": {
							"post": [0, 0, 0],
							"lerp_mode": "catmullrom"
						},
						"0.9583": {
							"post": [21.10919, -66.87713, -0.46693],
							"lerp_mode": "catmullrom"
						},
						"1.125": {
							"post": [0, 0, 0],
							"lerp_mode": "catmullrom"
						},
						"1.3333": {
							"post": [0, 0, 0],
							"lerp_mode": "catmullrom"
						},
						"1.5": {
							"post": [21.10919, -66.87713, -0.46693],
							"lerp_mode": "catmullrom"
						},
						"1.7083": {
							"post": [0, 0, 0],
							"lerp_mode": "catmullrom"
						},
						"1.875": {
							"post": [21.10919, -66.87713, -0.46693],
							"lerp_mode": "catmullrom"
						},
						"2.0833": {
							"post": [0, 0, 0],
							"lerp_mode": "catmullrom"
						},
						"2.25": {
							"post": [0, 0, 0],
							"lerp_mode": "catmullrom"
						},
						"2.4583": {
							"post": [21.10919, -66.87713, -0.46693],
							"lerp_mode": "catmullrom"
						},
						"2.625": {
							"post": [0, 0, 0],
							"lerp_mode": "catmullrom"
						},
						"2.8333": {
							"post": [0, 0, 0],
							"lerp_mode": "catmullrom"
						},
						"3.0": {
							"post": [21.10919, -66.87713, -0.46693],
							"lerp_mode": "catmullrom"
						},
						"3.2083": {
							"post": [0, 0, 0],
							"lerp_mode": "catmullrom"
						},
						"3.375": {
							"post": [21.10919, -66.87713, -0.46693],
							"lerp_mode": "catmullrom"
						},
						"3.5833": {
							"post": [0, 0, 0],
							"lerp_mode": "catmullrom"
						},
						"3.75": {
							"post": [0, 0, 0],
							"lerp_mode": "catmullrom"
						},
						"3.9583": {
							"post": [21.10919, -66.87713, -0.46693],
							"lerp_mode": "catmullrom"
						},
						"4.125": {
							"post": [0, 0, 0],
							"lerp_mode": "catmullrom"
						},
						"4.3333": {
							"post": [0, 0, 0],
							"lerp_mode": "catmullrom"
						},
						"4.5": {
							"post": [21.10919, -66.87713, -0.46693],
							"lerp_mode": "catmullrom"
						},
						"4.7083": {
							"post": [0, 0, 0],
							"lerp_mode": "catmullrom"
						},
						"4.875": {
							"post": [21.10919, -66.87713, -0.46693],
							"lerp_mode": "catmullrom"
						},
						"5.0833": {
							"post": [0, 0, 0],
							"lerp_mode": "catmullrom"
						},
						"5.25": {
							"post": [0, 0, 0],
							"lerp_mode": "catmullrom"
						},
						"5.4583": {
							"post": [21.10919, -66.87713, -0.46693],
							"lerp_mode": "catmullrom"
						},
						"5.625": {
							"post": [0, 0, 0],
							"lerp_mode": "catmullrom"
						},
						"5.8333": {
							"post": [0, 0, 0],
							"lerp_mode": "catmullrom"
						},
						"6.0": {
							"post": [21.10919, -66.87713, -0.46693],
							"lerp_mode": "catmullrom"
						},
						"6.2083": {
							"post": [0, 0, 0],
							"lerp_mode": "catmullrom"
						},
						"6.375": {
							"post": [21.10919, -66.87713, -0.46693],
							"lerp_mode": "catmullrom"
						},
						"6.5833": {
							"post": [0, 0, 0],
							"lerp_mode": "catmullrom"
						},
						"6.75": {
							"post": [0, 0, 0],
							"lerp_mode": "catmullrom"
						},
						"6.9583": {
							"post": [21.10919, -66.87713, -0.46693],
							"lerp_mode": "catmullrom"
						},
						"7.125": {
							"post": [0, 0, 0],
							"lerp_mode": "catmullrom"
						},
						"7.3333": {
							"post": [0, 0, 0],
							"lerp_mode": "catmullrom"
						},
						"7.5833": {
							"post": [21.10919, -66.87713, -0.46693],
							"lerp_mode": "catmullrom"
						},
						"7.7917": {
							"post": [21.10919, -66.87713, -0.46693],
							"lerp_mode": "catmullrom"
						},
						"8.0": {
							"post": [0, 0, 0],
							"lerp_mode": "catmullrom"
						},
						"8.25": {
							"post": [0, 0, 0],
							"lerp_mode": "catmullrom"
						}
					}
				},
				"rightarm": {
					"rotation": {
						"0.0": {
							"post": [0, 0, 0],
							"lerp_mode": "catmullrom"
						},
						"0.2083": {
							"post": [0, 0, 0],
							"lerp_mode": "catmullrom"
						},
						"0.375": {
							"post": [33.13158, 50.90499, 7.58275],
							"lerp_mode": "catmullrom"
						},
						"0.5833": {
							"post": [0, 0, 0],
							"lerp_mode": "catmullrom"
						},
						"0.75": {
							"post": [0, 0, 0],
							"lerp_mode": "catmullrom"
						},
						"0.9583": {
							"post": [33.13158, 50.90499, 7.58275],
							"lerp_mode": "catmullrom"
						},
						"1.125": {
							"post": [0, 0, 0],
							"lerp_mode": "catmullrom"
						},
						"1.3333": {
							"post": [0, 0, 0],
							"lerp_mode": "catmullrom"
						},
						"1.5": {
							"post": [33.13158, 50.90499, 7.58275],
							"lerp_mode": "catmullrom"
						},
						"1.7083": {
							"post": [0, 0, 0],
							"lerp_mode": "catmullrom"
						},
						"1.875": {
							"post": [33.13158, 50.90499, 7.58275],
							"lerp_mode": "catmullrom"
						},
						"2.0833": {
							"post": [0, 0, 0],
							"lerp_mode": "catmullrom"
						},
						"2.25": {
							"post": [0, 0, 0],
							"lerp_mode": "catmullrom"
						},
						"2.4583": {
							"post": [33.13158, 50.90499, 7.58275],
							"lerp_mode": "catmullrom"
						},
						"2.625": {
							"post": [0, 0, 0],
							"lerp_mode": "catmullrom"
						},
						"2.8333": {
							"post": [0, 0, 0],
							"lerp_mode": "catmullrom"
						},
						"3.0": {
							"post": [33.13158, 50.90499, 7.58275],
							"lerp_mode": "catmullrom"
						},
						"3.2083": {
							"post": [0, 0, 0],
							"lerp_mode": "catmullrom"
						},
						"3.375": {
							"post": [33.13158, 50.90499, 7.58275],
							"lerp_mode": "catmullrom"
						},
						"3.5833": {
							"post": [0, 0, 0],
							"lerp_mode": "catmullrom"
						},
						"3.75": {
							"post": [0, 0, 0],
							"lerp_mode": "catmullrom"
						},
						"3.9583": {
							"post": [33.13158, 50.90499, 7.58275],
							"lerp_mode": "catmullrom"
						},
						"4.125": {
							"post": [0, 0, 0],
							"lerp_mode": "catmullrom"
						},
						"4.3333": {
							"post": [0, 0, 0],
							"lerp_mode": "catmullrom"
						},
						"4.5": {
							"post": [33.13158, 50.90499, 7.58275],
							"lerp_mode": "catmullrom"
						},
						"4.7083": {
							"post": [0, 0, 0],
							"lerp_mode": "catmullrom"
						},
						"4.875": {
							"post": [33.13158, 50.90499, 7.58275],
							"lerp_mode": "catmullrom"
						},
						"5.0833": {
							"post": [0, 0, 0],
							"lerp_mode": "catmullrom"
						},
						"5.25": {
							"post": [0, 0, 0],
							"lerp_mode": "catmullrom"
						},
						"5.4583": {
							"post": [33.13158, 50.90499, 7.58275],
							"lerp_mode": "catmullrom"
						},
						"5.625": {
							"post": [0, 0, 0],
							"lerp_mode": "catmullrom"
						},
						"5.8333": {
							"post": [0, 0, 0],
							"lerp_mode": "catmullrom"
						},
						"6.0": {
							"post": [33.13158, 50.90499, 7.58275],
							"lerp_mode": "catmullrom"
						},
						"6.2083": {
							"post": [0, 0, 0],
							"lerp_mode": "catmullrom"
						},
						"6.375": {
							"post": [33.13158, 50.90499, 7.58275],
							"lerp_mode": "catmullrom"
						},
						"6.5833": {
							"post": [0, 0, 0],
							"lerp_mode": "catmullrom"
						},
						"6.75": {
							"post": [0, 0, 0],
							"lerp_mode": "catmullrom"
						},
						"6.9583": {
							"post": [33.13158, 50.90499, 7.58275],
							"lerp_mode": "catmullrom"
						},
						"7.125": {
							"post": [0, 0, 0],
							"lerp_mode": "catmullrom"
						},
						"7.3333": {
							"post": [0, 0, 0],
							"lerp_mode": "catmullrom"
						},
						"7.5833": {
							"post": [33.13158, 50.90499, 7.58275],
							"lerp_mode": "catmullrom"
						},
						"7.7917": {
							"post": [33.13158, 50.90499, 7.58275],
							"lerp_mode": "catmullrom"
						},
						"8.0": {
							"post": [0, 0, 0],
							"lerp_mode": "catmullrom"
						},
						"8.25": {
							"post": [0, 0, 0],
							"lerp_mode": "catmullrom"
						}
					}
				},
				"tail": {
					"rotation": {
						"0.0": [0, 0, 0],
						"0.7917": [20, 0, 0],
						"1.0417": [10, 0, 0],
						"1.2917": [20, 0, 0],
						"1.5417": [10, 0, 0],
						"1.7917": [20, 0, 0],
						"2.0417": [10, 0, 0],
						"2.2917": [20, 0, 0],
						"2.5417": [10, 0, 0],
						"2.7917": [20, 0, 0],
						"3.0417": [10, 0, 0],
						"3.2917": [20, 0, 0],
						"3.5417": [10, 0, 0],
						"3.7917": [20, 0, 0],
						"4.0417": [10, 0, 0],
						"4.2917": [20, 0, 0],
						"4.5417": [10, 0, 0],
						"4.7917": [20, 0, 0],
						"5.0417": [10, 0, 0],
						"5.2917": [20, 0, 0],
						"5.5417": [10, 0, 0],
						"5.7917": [20, 0, 0],
						"6.0417": [10, 0, 0],
						"6.2917": [20, 0, 0],
						"6.5417": [10, 0, 0],
						"6.7917": [20, 0, 0],
						"7.0417": [10, 0, 0],
						"7.2917": [20, 0, 0],
						"7.5417": [10, 0, 0],
						"7.7917": [20, 0, 0],
						"8.0417": [10, 0, 0],
						"8.2917": [20, 0, 0]
					}
				},
				"tailtwo": {
					"rotation": {
						"0.0": [0, 0, 0],
						"0.7083": [0, 0, 0],
						"0.9583": [-15, 0, 0],
						"1.2083": [0, 0, 0],
						"1.4583": [-15, 0, 0],
						"1.7083": [0, 0, 0],
						"1.9583": [-15, 0, 0],
						"2.2083": [0, 0, 0],
						"2.4583": [-15, 0, 0],
						"2.7083": [0, 0, 0],
						"2.9583": [-15, 0, 0],
						"3.2083": [0, 0, 0],
						"3.4583": [-15, 0, 0],
						"3.7083": [0, 0, 0],
						"3.9583": [-15, 0, 0],
						"4.2083": [0, 0, 0],
						"4.4583": [-15, 0, 0],
						"4.7083": [0, 0, 0],
						"4.9583": [-15, 0, 0],
						"5.2083": [0, 0, 0],
						"5.4583": [-15, 0, 0],
						"5.7083": [0, 0, 0],
						"5.9583": [-15, 0, 0],
						"6.2083": [0, 0, 0],
						"6.4583": [-15, 0, 0],
						"6.7083": [0, 0, 0],
						"6.9583": [-15, 0, 0],
						"7.2083": [0, 0, 0],
						"7.4583": [-15, 0, 0],
						"7.7083": [0, 0, 0]
					}
				},
				"tailthree": {
					"rotation": {
						"0.0": [0, 0, 0],
						"0.875": [-12.5, 0, 0],
						"1.125": [-25, 0, 0],
						"1.375": [-12.5, 0, 0],
						"1.625": [-25, 0, 0],
						"1.875": [-12.5, 0, 0],
						"2.125": [-25, 0, 0],
						"2.375": [-12.5, 0, 0],
						"2.625": [-25, 0, 0],
						"2.875": [-12.5, 0, 0],
						"3.125": [-25, 0, 0],
						"3.375": [-12.5, 0, 0],
						"3.625": [-25, 0, 0],
						"3.875": [-12.5, 0, 0],
						"4.125": [-25, 0, 0],
						"4.375": [-12.5, 0, 0],
						"4.625": [-25, 0, 0],
						"4.875": [-12.5, 0, 0],
						"5.125": [-25, 0, 0],
						"5.375": [-12.5, 0, 0],
						"5.625": [-25, 0, 0],
						"5.875": [-12.5, 0, 0],
						"6.125": [-25, 0, 0],
						"6.375": [-12.5, 0, 0],
						"6.625": [-25, 0, 0],
						"6.875": [-12.5, 0, 0],
						"7.125": [-25, 0, 0],
						"7.375": [-12.5, 0, 0],
						"7.625": [-25, 0, 0],
						"7.875": [-12.5, 0, 0]
					}
				},
				"tailtip": {
					"rotation": {
						"0.0": [0, 0, 0],
						"1.0": [0, 0, 0],
						"1.25": [15, 0, 0],
						"1.5": [-15, 0, 0],
						"1.75": [15, 0, 0],
						"2.0": [-15, 0, 0],
						"2.25": [15, 0, 0],
						"2.5": [-15, 0, 0],
						"2.75": [15, 0, 0],
						"3.0": [-15, 0, 0],
						"3.25": [15, 0, 0],
						"3.5": [-15, 0, 0],
						"3.75": [15, 0, 0],
						"4.0": [-15, 0, 0],
						"4.25": [15, 0, 0],
						"4.5": [-15, 0, 0],
						"4.75": [15, 0, 0],
						"5.0": [-15, 0, 0],
						"5.25": [15, 0, 0],
						"5.5": [-15, 0, 0],
						"5.75": [15, 0, 0],
						"6.0": [-15, 0, 0],
						"6.25": [15, 0, 0],
						"6.5": [-15, 0, 0],
						"6.75": [15, 0, 0],
						"7.0": [-15, 0, 0],
						"7.25": [15, 0, 0],
						"7.5": [-15, 0, 0],
						"7.75": [15, 0, 0],
						"8.0": [-15, 0, 0]
					}
				},
				"upperrightleg": {
					"rotation": {
						"0.0": {
							"post": [0, 0, 0],
							"lerp_mode": "catmullrom"
						},
						"0.2083": {
							"post": [0, 0, 0],
							"lerp_mode": "catmullrom"
						},
						"0.375": {
							"post": [20, 0, 0],
							"lerp_mode": "catmullrom"
						},
						"0.625": {
							"post": [-20, 0, 0],
							"lerp_mode": "catmullrom"
						},
						"0.875": {
							"post": [20, 0, 0],
							"lerp_mode": "catmullrom"
						},
						"1.125": {
							"post": [-20, 0, 0],
							"lerp_mode": "catmullrom"
						},
						"1.375": {
							"post": [20, 0, 0],
							"lerp_mode": "catmullrom"
						},
						"1.625": {
							"post": [-20, 0, 0],
							"lerp_mode": "catmullrom"
						},
						"1.875": {
							"post": [20, 0, 0],
							"lerp_mode": "catmullrom"
						},
						"2.125": {
							"post": [-20, 0, 0],
							"lerp_mode": "catmullrom"
						},
						"2.375": {
							"post": [20, 0, 0],
							"lerp_mode": "catmullrom"
						},
						"2.625": {
							"post": [-20, 0, 0],
							"lerp_mode": "catmullrom"
						},
						"2.875": {
							"post": [20, 0, 0],
							"lerp_mode": "catmullrom"
						},
						"3.125": {
							"post": [-20, 0, 0],
							"lerp_mode": "catmullrom"
						},
						"3.375": {
							"post": [20, 0, 0],
							"lerp_mode": "catmullrom"
						},
						"3.625": {
							"post": [-20, 0, 0],
							"lerp_mode": "catmullrom"
						},
						"3.875": {
							"post": [20, 0, 0],
							"lerp_mode": "catmullrom"
						},
						"4.125": {
							"post": [-20, 0, 0],
							"lerp_mode": "catmullrom"
						},
						"4.375": {
							"post": [20, 0, 0],
							"lerp_mode": "catmullrom"
						},
						"4.625": {
							"post": [-20, 0, 0],
							"lerp_mode": "catmullrom"
						},
						"4.875": {
							"post": [20, 0, 0],
							"lerp_mode": "catmullrom"
						},
						"5.125": {
							"post": [-20, 0, 0],
							"lerp_mode": "catmullrom"
						},
						"5.375": {
							"post": [20, 0, 0],
							"lerp_mode": "catmullrom"
						},
						"5.625": {
							"post": [-20, 0, 0],
							"lerp_mode": "catmullrom"
						},
						"5.875": {
							"post": [20, 0, 0],
							"lerp_mode": "catmullrom"
						},
						"6.125": {
							"post": [-20, 0, 0],
							"lerp_mode": "catmullrom"
						},
						"6.375": {
							"post": [20, 0, 0],
							"lerp_mode": "catmullrom"
						},
						"6.625": {
							"post": [-20, 0, 0],
							"lerp_mode": "catmullrom"
						},
						"6.875": {
							"post": [20, 0, 0],
							"lerp_mode": "catmullrom"
						},
						"7.125": {
							"post": [-20, 0, 0],
							"lerp_mode": "catmullrom"
						},
						"7.375": {
							"post": [20, 0, 0],
							"lerp_mode": "catmullrom"
						},
						"7.625": {
							"post": [-20, 0, 0],
							"lerp_mode": "catmullrom"
						},
						"7.875": {
							"post": [20, 0, 0],
							"lerp_mode": "catmullrom"
						},
						"8.125": {
							"post": [-20, 0, 0],
							"lerp_mode": "catmullrom"
						}
					}
				},
				"upperleftleg": {
					"rotation": {
						"0.0": {
							"post": [0, 0, 0],
							"lerp_mode": "catmullrom"
						},
						"0.2083": {
							"post": [0, 0, 0],
							"lerp_mode": "catmullrom"
						},
						"0.375": {
							"post": [-20, 0, 0],
							"lerp_mode": "catmullrom"
						},
						"0.625": {
							"post": [20, 0, 0],
							"lerp_mode": "catmullrom"
						},
						"0.875": {
							"post": [-20, 0, 0],
							"lerp_mode": "catmullrom"
						},
						"1.125": {
							"post": [20, 0, 0],
							"lerp_mode": "catmullrom"
						},
						"1.375": {
							"post": [-20, 0, 0],
							"lerp_mode": "catmullrom"
						},
						"1.625": {
							"post": [20, 0, 0],
							"lerp_mode": "catmullrom"
						},
						"1.875": {
							"post": [-20, 0, 0],
							"lerp_mode": "catmullrom"
						},
						"2.125": {
							"post": [20, 0, 0],
							"lerp_mode": "catmullrom"
						},
						"2.375": {
							"post": [-20, 0, 0],
							"lerp_mode": "catmullrom"
						},
						"2.625": {
							"post": [20, 0, 0],
							"lerp_mode": "catmullrom"
						},
						"2.875": {
							"post": [-20, 0, 0],
							"lerp_mode": "catmullrom"
						},
						"3.125": {
							"post": [20, 0, 0],
							"lerp_mode": "catmullrom"
						},
						"3.375": {
							"post": [-20, 0, 0],
							"lerp_mode": "catmullrom"
						},
						"3.625": {
							"post": [20, 0, 0],
							"lerp_mode": "catmullrom"
						},
						"3.875": {
							"post": [-20, 0, 0],
							"lerp_mode": "catmullrom"
						},
						"4.125": {
							"post": [20, 0, 0],
							"lerp_mode": "catmullrom"
						},
						"4.375": {
							"post": [-20, 0, 0],
							"lerp_mode": "catmullrom"
						},
						"4.625": {
							"post": [20, 0, 0],
							"lerp_mode": "catmullrom"
						},
						"4.875": {
							"post": [-20, 0, 0],
							"lerp_mode": "catmullrom"
						},
						"5.125": {
							"post": [20, 0, 0],
							"lerp_mode": "catmullrom"
						},
						"5.375": {
							"post": [-20, 0, 0],
							"lerp_mode": "catmullrom"
						},
						"5.625": {
							"post": [20, 0, 0],
							"lerp_mode": "catmullrom"
						},
						"5.875": {
							"post": [-20, 0, 0],
							"lerp_mode": "catmullrom"
						},
						"6.125": {
							"post": [20, 0, 0],
							"lerp_mode": "catmullrom"
						},
						"6.375": {
							"post": [-20, 0, 0],
							"lerp_mode": "catmullrom"
						},
						"6.625": {
							"post": [20, 0, 0],
							"lerp_mode": "catmullrom"
						},
						"6.875": {
							"post": [-20, 0, 0],
							"lerp_mode": "catmullrom"
						},
						"7.125": {
							"post": [20, 0, 0],
							"lerp_mode": "catmullrom"
						},
						"7.375": {
							"post": [-20, 0, 0],
							"lerp_mode": "catmullrom"
						},
						"7.625": {
							"post": [20, 0, 0],
							"lerp_mode": "catmullrom"
						},
						"7.875": {
							"post": [-20, 0, 0],
							"lerp_mode": "catmullrom"
						},
						"8.125": {
							"post": [20, 0, 0],
							"lerp_mode": "catmullrom"
						}
					}
				},
				"chest": {
					"rotation": {
						"0.0": [0, 0, 0],
						"0.2083": [-22.5, 0, 0]
					}
				}
			}
		},
		"animation.loporeon.sleep": {
			"loop": true,
			"animation_length": 20,
			"bones": {
				"loporeon": {
					"rotation": {
						"0.0": [0, 0, 0],
						"0.5": [0, 0, 72.5]
					},
					"position": {
						"0.0": [0, 0, 0],
						"0.5": [0, 3, 0]
					}
				},
				"chest": {
					"rotation": {
						"0.0": [0, 0, 0],
						"0.5": [0, 0, 12.5]
					}
				},
				"head": {
					"rotation": {
						"0.5833": [0, 0, 0],
						"0.6667": [0, 0, 15]
					}
				},
				"leftforearm": {
					"rotation": {
						"0.5": [0, 0, 0],
						"1.0": [27.32235, -44.82422, 25.09514]
					}
				},
				"rightupperarm": {
					"rotation": {
						"0.0": [0, 0, 0],
						"0.5": [0, 0, 0],
						"1.0": [0, -65, 0]
					}
				},
				"rightforearm": {
					"rotation": {
						"0.0": [0, 0, 0],
						"0.5": [0, 0, 0],
						"1.0": [34.78347, 32.84665, -43.94858]
					}
				},
				"upperrightleg": {
					"rotation": {
						"0.0": [0, 0, 0],
						"0.5": [0, 0, 0],
						"0.9167": [0, 0, -10]
					},
					"position": {
						"0.0": [0, 0, 0],
						"0.4167": [0, 2, 0]
					}
				},
				"righthindleg": {
					"rotation": {
						"0.0": [0, 0, 0],
						"0.5833": [0, 0, -10]
					}
				},
				"rightfoot": {
					"rotation": [0, 0, 0]
				}
			}
		},
		"animation.loporeon.faint": {
			"loop": "hold_on_last_frame",
			"animation_length": 3.64,
			"bones": {
				"loporeon": {
					"rotation": {
						"0.0": [0, 0, 0],
						"0.5": [0, 0, 72.5]
					},
					"position": {
						"0.0": [0, 0, 0],
						"0.5": [0, 3, 0]
					}
				},
				"chest": {
					"rotation": {
						"0.0": [0, 0, 0],
						"0.5": [0, 0, 12.5]
					}
				},
				"head": {
					"rotation": {
						"0.5833": [0, 0, 0],
						"0.6667": [0, 0, 15]
					}
				},
				"leftforearm": {
					"rotation": {
						"0.5": [0, 0, 0],
						"1.0": [27.32235, -44.82422, 25.09514]
					}
				},
				"rightupperarm": {
					"rotation": {
						"0.0": [0, 0, 0],
						"0.5": [0, 0, 0],
						"1.0": [0, -65, 0]
					}
				},
				"rightforearm": {
					"rotation": {
						"0.0": [0, 0, 0],
						"0.5": [0, 0, 0],
						"1.0": [34.78347, 32.84665, -43.94858]
					}
				},
				"upperrightleg": {
					"rotation": {
						"0.0": [0, 0, 0],
						"0.5": [0, 0, 0],
						"0.8333": [0, 0, -10]
					},
					"position": {
						"0.0": [0, 0, 0],
						"0.4167": [0, 2, 0]
					}
				},
				"righthindleg": {
					"rotation": {
						"0.0": [0, 0, 0],
						"0.5833": [0, 0, -10]
					}
				},
				"rightfoot": {
					"rotation": [0, 0, 0]
				}
			}
		}
	}
}