{
	"format_version": "1.12.0",
	"minecraft:geometry": [
		{
			"description": {
				"identifier": "geometry.lugia",
				"texture_width": 128,
				"texture_height": 128,
				"visible_bounds_width": 5,
				"visible_bounds_height": 3.5,
				"visible_bounds_offset": [0, 1.25, 0]
			},
			"bones": [
				{
					"name": "lugia",
					"pivot": [0, 0, 0]
				},
				{
					"name": "body",
					"parent": "lugia",
					"pivot": [0, 0, 0]
				},
				{
					"name": "torso",
					"parent": "body",
					"pivot": [-0.25, 15, 0],
					"cubes": [
						{"origin": [-3.75, 10, -3.25], "size": [7, 8, 6], "uv": [0, 16]},
						{"origin": [-2.75, 10, 2.75], "size": [0, 3, 5], "pivot": [-2.75, 11.5, 2.75], "rotation": [0, -20, 0], "uv": [20, 14]},
						{"origin": [2.25, 14, 2.75], "size": [0, 3, 5], "pivot": [2.25, 15.5, 2.75], "rotation": [0, 20, 0], "uv": [28, 34]},
						{"origin": [-2.75, 14, 2.75], "size": [0, 3, 5], "pivot": [-2.75, 15.5, 2.75], "rotation": [0, -20, 0], "uv": [28, 31]},
						{"origin": [2.25, 10, 2.75], "size": [0, 3, 5], "pivot": [2.25, 15.5, 2.75], "rotation": [0, 20, 0], "uv": [20, 11]}
					]
				},
				{
					"name": "bottom",
					"parent": "torso",
					"pivot": [0, 10, 0],
					"cubes": [
						{"origin": [-4.75, 2, -4.25], "size": [9, 8, 8], "uv": [0, 0]}
					]
				},
				{
					"name": "left_leg",
					"parent": "bottom",
					"pivot": [4.25, 6, -0.75],
					"cubes": [
						{"origin": [3.5, 3, -4], "size": [3, 6, 6], "uv": [35, 36]},
						{"origin": [3.5, 2, -3], "size": [3, 1, 5], "uv": [24, 55]}
					]
				},
				{
					"name": "left_foot",
					"parent": "left_leg",
					"pivot": [5, 2, 0.25],
					"cubes": [
						{"origin": [3.5, 0, -6.5], "size": [3, 2, 8], "uv": [0, 30]}
					]
				},
				{
					"name": "right_leg",
					"parent": "bottom",
					"pivot": [-4.75, 6, -0.75],
					"cubes": [
						{"origin": [-6.75, 3, -4], "size": [3, 6, 6], "uv": [43, 23]},
						{"origin": [-6.75, 2, -3], "size": [3, 1, 5], "uv": [35, 56]}
					]
				},
				{
					"name": "right_foot",
					"parent": "right_leg",
					"pivot": [-5, 2, 0.25],
					"cubes": [
						{"origin": [-6.5, 0, -6.5], "size": [3, 2, 8], "uv": [34, 0]}
					]
				},
				{
					"name": "tail1",
					"parent": "bottom",
					"pivot": [-0.25, 5.75, 4],
					"cubes": [
						{"origin": [-3.75, 2, 3.75], "size": [7, 7, 4], "uv": [30, 12]}
					]
				},
				{
					"name": "tail2",
					"parent": "tail1",
					"pivot": [-0.5, 5.25, 7.75],
					"cubes": [
						{"origin": [-2.75, 2, 7.75], "size": [5, 6, 7], "uv": [19, 23]}
					]
				},
				{
					"name": "tail3",
					"parent": "tail2",
					"pivot": [-0.5, 4.75, 14.75],
					"cubes": [
						{"origin": [-1.75, 2.75, 14.75], "size": [3, 4, 7], "uv": [15, 36]}
					]
				},
				{
					"name": "tail4",
					"parent": "tail3",
					"pivot": [-0.5, 4.25, 21.75],
					"cubes": [
						{"origin": [-1.75, 2.75, 21.75], "size": [3, 3, 7], "uv": [0, 40]},
						{"origin": [-1.75, 5.75, 24.75], "size": [0, 4, 3], "pivot": [-1.75, 5.75, 26.25], "rotation": [0, 0, -20], "uv": [0, 0]},
						{"origin": [1.25, 5.75, 24.75], "size": [0, 4, 3], "pivot": [1.25, 5.75, 26.25], "rotation": [0, 0, 20], "uv": [0, 13]}
					]
				},
				{
					"name": "neck1",
					"parent": "torso",
					"pivot": [-0.25, 18, 0],
					"cubes": [
						{"origin": [-1.75, 18, -2.25], "size": [3, 2, 4], "uv": [36, 64]}
					]
				},
				{
					"name": "neck2",
					"parent": "neck1",
					"pivot": [-0.25, 20, 0],
					"cubes": [
						{"origin": [-1.75, 20, -2.25], "size": [3, 2, 4], "uv": [65, 36]}
					]
				},
				{
					"name": "head",
					"parent": "neck2",
					"pivot": [-0.25, 22, 0],
					"cubes": [
						{"origin": [-2.75, 22, -3.25], "size": [5, 5, 3], "uv": [26, 0]},
						{"origin": [-1.75, 25, 3.75], "size": [3, 2, 3], "uv": [57, 65]},
						{"origin": [-2.25, 23, 1.75], "size": [4, 4, 2], "uv": [36, 23]},
						{"origin": [2.28, 23, -2.25], "size": [0, 4, 7], "inflate": 0.01, "uv": [0, 43]},
						{"origin": [-2.75, 23, -2.25], "size": [0, 4, 7], "inflate": 0.01, "uv": [0, 47]},
						{"origin": [-2.25, 23.25, -6.25], "size": [4, 3, 3], "uv": [26, 62]},
						{"origin": [-2.75, 22, -0.25], "size": [5, 5, 2], "uv": [12, 60]}
					]
				},
				{
					"name": "jaw",
					"parent": "head",
					"pivot": [-0.25, 23, -3.25],
					"cubes": [
						{"origin": [-1.75, 22.25, -6.25], "size": [3, 1, 3], "uv": [0, 67]}
					]
				},
				{
					"name": "right_wing1",
					"parent": "torso",
					"pivot": [-3.75, 15.5, 0],
					"cubes": [
						{"origin": [-7.75, 14, -1.25], "size": [4, 3, 3], "uv": [61, 29]},
						{"origin": [-7.75, 17, -1.25], "size": [3, 1, 3], "uv": [66, 14]}
					]
				},
				{
					"name": "right_wing2",
					"parent": "right_wing1",
					"pivot": [-7.75, 15.5, 0],
					"cubes": [
						{"origin": [-13.75, 12, -1.25], "size": [6, 5, 3], "uv": [35, 48]}
					]
				},
				{
					"name": "right_palm1",
					"parent": "right_wing2",
					"pivot": [-13.75, 14.5, 0],
					"cubes": [
						{"origin": [-17.75, 11, -1.25], "size": [4, 6, 3], "uv": [53, 40]}
					]
				},
				{
					"name": "right_palm2",
					"parent": "right_palm1",
					"pivot": [-17.75, 14, 0],
					"cubes": [
						{"origin": [-20.75, 11, -1.25], "size": [3, 6, 3], "uv": [48, 59]}
					]
				},
				{
					"name": "right_finger2",
					"parent": "right_palm2",
					"pivot": [-20.75, 14, 0],
					"cubes": [
						{"origin": [-26.75, 13, -1.25], "size": [6, 2, 3], "uv": [55, 24]}
					]
				},
				{
					"name": "right_finger1",
					"parent": "right_palm2",
					"pivot": [-20.75, 16, 0],
					"cubes": [
						{"origin": [-26.75, 15, -1.25], "size": [6, 2, 3], "uv": [56, 5]}
					]
				},
				{
					"name": "right_finger3",
					"parent": "right_palm2",
					"pivot": [-20.75, 12, 0],
					"cubes": [
						{"origin": [-26.75, 11, -1.25], "size": [6, 2, 3], "uv": [55, 19]}
					]
				},
				{
					"name": "right_thumb",
					"parent": "right_palm1",
					"pivot": [-17, 17, 0],
					"cubes": [
						{"origin": [-23.75, 17, -1.25], "size": [8, 2, 3], "uv": [48, 0]}
					]
				},
				{
					"name": "left_wing1",
					"parent": "torso",
					"pivot": [3.25, 15.5, 0],
					"cubes": [
						{"origin": [3.25, 14, -1.25], "size": [4, 3, 3], "uv": [60, 59]},
						{"origin": [4.25, 17, -1.25], "size": [3, 1, 3], "uv": [66, 10]}
					]
				},
				{
					"name": "left_wing2",
					"parent": "left_wing1",
					"pivot": [7.25, 15.5, 0],
					"cubes": [
						{"origin": [7.25, 12, -1.25], "size": [6, 5, 3], "uv": [17, 47]}
					]
				},
				{
					"name": "left_palm1",
					"parent": "left_wing2",
					"pivot": [13.25, 14.5, 0],
					"cubes": [
						{"origin": [13.25, 11, -1.25], "size": [4, 6, 3], "uv": [52, 10]}
					]
				},
				{
					"name": "left_palm2",
					"parent": "left_palm1",
					"pivot": [17.25, 14, 0],
					"cubes": [
						{"origin": [17.25, 11, -1.25], "size": [3, 6, 3], "uv": [0, 58]}
					]
				},
				{
					"name": "left_finger1",
					"parent": "left_palm2",
					"pivot": [20.25, 16, 0],
					"cubes": [
						{"origin": [20.25, 15, -1.25], "size": [6, 2, 3], "uv": [53, 49]}
					]
				},
				{
					"name": "left_finger2",
					"parent": "left_palm2",
					"pivot": [20.25, 14, 0],
					"cubes": [
						{"origin": [20.25, 13, -1.25], "size": [6, 2, 3], "uv": [50, 54]}
					]
				},
				{
					"name": "left_finger3",
					"parent": "left_palm2",
					"pivot": [20.25, 12, 0],
					"cubes": [
						{"origin": [20.25, 11, -1.25], "size": [6, 2, 3], "uv": [11, 55]}
					]
				},
				{
					"name": "left_thumb",
					"parent": "left_palm1",
					"pivot": [16.5, 17, 0],
					"cubes": [
						{"origin": [15.25, 17, -1.25], "size": [8, 2, 3], "uv": [47, 35]}
					]
				}
			]
		}
	]
}