{
	"format_version": "1.12.0",
	"minecraft:geometry": [
		{
			"description": {
				"identifier": "geometry.loporeon",
				"texture_width": 128,
				"texture_height": 128,
				"visible_bounds_width": 9,
				"visible_bounds_height": 4.5,
				"visible_bounds_offset": [0, 1.75, 0]
			},
			"bones": [
				{
					"name": "loporeon",
					"pivot": [0, 0, 0]
				},
				{
					"name": "body",
					"parent": "loporeon",
					"pivot": [0, 0, 0]
				},
				{
					"name": "chest",
					"parent": "body",
					"pivot": [2, 16, 0],
					"cubes": [
						{"origin": [-6, 19.13688, -0.9], "size": [11, 7, 6], "pivot": [2, 16, 0], "rotation": [7.5, 0, 0], "uv": [58, 29]},
						{"origin": [-4, 26.13688, 0.08842], "size": [7, 4, 4], "pivot": [2, 16, 0], "rotation": [7.5, 0, 0], "uv": [68, 83]},
						{"origin": [-2, 30.13688, 1.08842], "size": [3, 3, 2], "pivot": [2, 13, 0], "rotation": [7.5, 0, 0], "uv": [31, 34]},
						{"origin": [-7, 15.13688, -0.91158], "size": [6, 6, 7], "pivot": [2, 16, 0], "rotation": [7.5, 0, 0], "uv": [0, 72]},
						{"origin": [0, 15.13688, -0.91158], "size": [6, 6, 7], "pivot": [2, 16, 0], "rotation": [7.5, 0, 0], "uv": [25, 66]}
					]
				},
				{
					"name": "head",
					"parent": "chest",
					"pivot": [0, 33, 0],
					"rotation": [-5, 0, 0],
					"cubes": [
						{"origin": [0, 34.63763, -4.79284], "size": [12, 13, 0], "pivot": [0.5, 36.16329, -5.28488], "rotation": [7.61435, -9.91358, -1.31845], "uv": [26, 83]},
						{"origin": [-13, 34.63763, -4.79284], "size": [12, 13, 0], "pivot": [-0.5, 36.16329, -5.28488], "rotation": [7.61435, 9.91358, 1.31845], "uv": [26, 83], "mirror": true},
						{"origin": [-4, 32.14069, -1.82443], "size": [7, 6, 8], "pivot": [2, 13.00381, 0.08716], "rotation": [7.5, 0, 0], "uv": [65, 15]},
						{"origin": [-1, 34.14069, -1.83444], "size": [1, 1, 0], "pivot": [2, 13.00381, 0.08716], "rotation": [7.5, 0, 0], "uv": [8, 3]},
						{"origin": [-2.5, 32.14069, -1.83444], "size": [5, 2, 0], "pivot": [2, 13.00381, 0.08716], "rotation": [7.5, 0, 0], "uv": [0, 35]}
					]
				},
				{
					"name": "ears",
					"parent": "head",
					"pivot": [0, 0.00381, 0.08716]
				},
				{
					"name": "lefteartop",
					"parent": "ears",
					"pivot": [2, 41.00381, 4.08716],
					"cubes": [
						{"origin": [0, 35.928, -1.83652], "size": [2, 6, 2], "pivot": [2, 41.00381, 4.08716], "rotation": [-10.06344, -0.9762, 7.43656], "uv": [34, 49]}
					]
				},
				{
					"name": "leftear",
					"parent": "lefteartop",
					"pivot": [1, 42.00381, 0.08716],
					"cubes": [
						{"origin": [-2, 40.00381, 21.08716], "size": [12, 2, 10], "pivot": [-2, 43.00381, 5.08716], "rotation": [-61.81144, 32.22535, 0.00813], "uv": [44, 49]},
						{"origin": [0, 40.00381, 12.08716], "size": [8, 2, 9], "pivot": [-2, 43.00381, 5.08716], "rotation": [-61.81144, 32.22535, 0.00813], "uv": [53, 61]},
						{"origin": [2, 40.00381, 3.08716], "size": [4, 2, 9], "pivot": [-2, 43.00381, 5.08716], "rotation": [-61.81144, 32.22535, 0.00813], "uv": [68, 72]}
					]
				},
				{
					"name": "righteartop",
					"parent": "ears",
					"pivot": [-3, 41.00381, 4.08716],
					"cubes": [
						{"origin": [-3, 35.928, -1.83652], "size": [2, 6, 2], "pivot": [-3, 41.00381, 4.08716], "rotation": [-10.06344, 0.9762, -7.43656], "uv": [0, 49]}
					]
				},
				{
					"name": "rightear",
					"parent": "righteartop",
					"pivot": [-2, 43.00381, 1.08716],
					"cubes": [
						{"origin": [-11, 40.00381, 21.08716], "size": [12, 2, 10], "pivot": [1, 43.00381, 5.08716], "rotation": [-61.81144, -32.22535, -0.00813], "uv": [0, 49]},
						{"origin": [-9, 40.00381, 12.08716], "size": [8, 2, 9], "pivot": [1, 43.00381, 5.08716], "rotation": [-61.81144, -32.22535, -0.00813], "uv": [60, 4]},
						{"origin": [-7, 40.00381, 3.08716], "size": [4, 2, 9], "pivot": [1, 43.00381, 5.08716], "rotation": [-61.81144, -32.22535, -0.00813], "uv": [42, 72]}
					]
				},
				{
					"name": "awakeeyes",
					"parent": "head",
					"pivot": [2, 13.00381, 0.08716],
					"cubes": [
						{"origin": [-3.5, 35.14069, -1.91284], "size": [2, 2, 0], "pivot": [2, 13.00381, 0.08716], "rotation": [7.5, 0, 0], "uv": [12, 0]},
						{"origin": [-2.6, 36, -2.01284], "size": [1, 1, 0], "pivot": [2, 13.00381, 0.08716], "rotation": [7.5, 0, 0], "uv": [2, 3]},
						{"origin": [-3.4, 35.40381, -2], "size": [1, 1, 0], "pivot": [2, 13.00381, 0.08716], "rotation": [7.5, 0, 0], "uv": [0, 3]},
						{"origin": [0.6, 36, -2.01284], "size": [1, 1, 0], "pivot": [-2, 13.00381, 0.08716], "rotation": [7.5, 0, 0], "uv": [2, 3], "mirror": true},
						{"origin": [0.5, 35.14069, -1.91284], "size": [2, 2, 0], "pivot": [-2, 13.00381, 0.08716], "rotation": [7.5, 0, 0], "uv": [12, 0], "mirror": true},
						{"origin": [1.4, 35.40381, -2], "size": [1, 1, 0], "pivot": [-2, 13.00381, 0.08716], "rotation": [7.5, 0, 0], "uv": [0, 3], "mirror": true}
					]
				},
				{
					"name": "sleepeyes",
					"parent": "head",
					"pivot": [2, 13.00381, 0.08716],
					"cubes": [
						{"origin": [-4, 35.14069, -1.83444], "size": [7, 3, 0], "pivot": [2, 13.00381, 0.08716], "rotation": [7.5, 0, 0], "uv": [0, 32]}
					]
				},
				{
					"name": "arms",
					"parent": "chest",
					"pivot": [0, 0, 0]
				},
				{
					"name": "leftarm",
					"parent": "arms",
					"pivot": [3, 28, 0]
				},
				{
					"name": "leftupperarm",
					"parent": "leftarm",
					"pivot": [3, 28, 0],
					"cubes": [
						{"origin": [1, 27, -1], "size": [10, 2, 2], "pivot": [3, 28, 0], "rotation": [21.64073, 51.20336, 32.20378], "uv": [69, 0]}
					]
				},
				{
					"name": "leftforearm",
					"parent": "leftupperarm",
					"pivot": [7, 26, -6],
					"cubes": [
						{"origin": [6.49627, 24.49237, -6.8918], "size": [10, 2, 2], "pivot": [7, 26, -6], "rotation": [-57.91808, 15.97364, -137.06186], "uv": [0, 67]},
						{"origin": [13.49627, 23.49237, -7.8918], "size": [2, 4, 4], "pivot": [7, 26, -6], "rotation": [-57.91808, 15.97364, -137.06186], "uv": [0, 8]}
					]
				},
				{
					"name": "rightarm",
					"parent": "arms",
					"pivot": [-4, 28, 0]
				},
				{
					"name": "rightupperarm",
					"parent": "rightarm",
					"pivot": [-4, 28, 0],
					"cubes": [
						{"origin": [-12, 27, -1], "size": [10, 2, 2], "pivot": [-4, 28, 0], "rotation": [21.64073, -51.20336, -32.20378], "uv": [0, 45]}
					]
				},
				{
					"name": "rightforearm",
					"parent": "rightupperarm",
					"pivot": [-8, 26, -6],
					"cubes": [
						{"origin": [-16.49627, 23.49237, -7.8918], "size": [2, 4, 4], "pivot": [-8, 26, -6], "rotation": [-57.91808, -15.97364, 137.06186], "uv": [0, 0]},
						{"origin": [-17.49627, 24.49237, -6.8918], "size": [10, 2, 2], "pivot": [-8, 26, -6], "rotation": [-57.91808, -15.97364, 137.06186], "uv": [35, 13]}
					]
				},
				{
					"name": "tail",
					"parent": "chest",
					"pivot": [0, 18, 4]
				},
				{
					"name": "tailone",
					"parent": "tail",
					"pivot": [0, 22, 3],
					"cubes": [
						{"origin": [-5, 17.98481, 1.82635], "size": [9, 6, 17], "pivot": [0, 22, 3], "rotation": [-37.5, 0, 0], "uv": [0, 0]},
						{"origin": [-0.5, 23.98481, 1.82635], "size": [0, 6, 17], "pivot": [0, 22, 3], "rotation": [-37.5, 0, 0], "uv": [31, 6]}
					]
				},
				{
					"name": "tailtwo",
					"parent": "tailone",
					"pivot": [0, 11, 15],
					"cubes": [
						{"origin": [-4, 8.5066, 13.60974], "size": [7, 5, 17], "pivot": [0, 11, 15], "rotation": [-30, 0, 0], "uv": [0, 23]},
						{"origin": [-0.5, 13.5066, 14.60974], "size": [0, 6, 16], "pivot": [0, 11, 15], "rotation": [-30, 0, 0], "uv": [0, 45]}
					]
				},
				{
					"name": "tailthree",
					"parent": "tailtwo",
					"pivot": [0, 3, 28],
					"rotation": [10, 0, 0],
					"cubes": [
						{"origin": [-3, 1.0348, 27.35141], "size": [5, 4, 16], "pivot": [0, 3, 28], "rotation": [-10, 0, 0], "uv": [32, 29]},
						{"origin": [-0.5, 5.0348, 28.35141], "size": [0, 5, 15], "pivot": [0, 3, 28], "rotation": [-10, 0, 0], "uv": [32, 46]}
					]
				},
				{
					"name": "tailtip",
					"parent": "tailthree",
					"pivot": [0, -1, 43],
					"cubes": [
						{"origin": [-2.1309, 1.0348, 42.35198], "size": [3, 2, 3], "pivot": [-0.1309, 3, 28.00057], "rotation": [-10, 0, 0], "uv": [31, 29]},
						{"origin": [-9.1309, 2.0348, 45.35198], "size": [17, 0, 13], "pivot": [-0.1309, 3, 28.00057], "rotation": [-10, 0, 0], "uv": [22, 0]}
					]
				},
				{
					"name": "legs",
					"parent": "body",
					"pivot": [0, 0, 0]
				},
				{
					"name": "upperrightleg",
					"parent": "legs",
					"pivot": [-4, 16, 2]
				},
				{
					"name": "righthindleg",
					"parent": "upperrightleg",
					"pivot": [-4, 12, 1],
					"cubes": [
						{"origin": [-6, 7, -2], "size": [4, 9, 5], "pivot": [-2, 0, 0], "rotation": [-7.5, 0, 0], "uv": [83, 56]}
					]
				},
				{
					"name": "rightfoot",
					"parent": "righthindleg",
					"pivot": [2, 4, 0],
					"cubes": [
						{"origin": [-5, 0, -1], "size": [2, 7, 2], "pivot": [-2, 0, 0], "rotation": [-7.5, 0, 0], "uv": [8, 23]},
						{"origin": [-2.98, 0, -1.02], "size": [0, 5, 2.03], "pivot": [-2, 0, 0], "rotation": [-7.5, 0, 0], "uv": [10, 33]},
						{"origin": [-5.02, 0, -1.02], "size": [0, 5, 2.03], "pivot": [-2, 0, 0], "rotation": [-7.5, 0, 0], "uv": [12, 10]},
						{"origin": [-5.01, 0, -1.01], "size": [2.01, 5, 0], "pivot": [-2, 0, 0], "rotation": [-7.5, 0, 0], "uv": [46, 49]},
						{"origin": [-5, 0, 1.01], "size": [2, 5, 0], "pivot": [-2, 0, 0], "rotation": [-7.5, 0, 0], "uv": [42, 49]},
						{"origin": [-2.9, 2.6, -0.35881], "size": [0, 3, 2.03], "pivot": [-2, 5, 1], "rotation": [-7.15656, 2.24944, 17.35932], "uv": [4, 35]},
						{"origin": [-4.7, 5, -0.35881], "size": [0, 3, 2.03], "pivot": [2, 5, 1], "rotation": [-7.15656, -2.24944, -17.35932], "uv": [0, 35]},
						{"origin": [-5, 4, 1.5], "size": [2, 3, 0], "pivot": [2, 4, 0], "rotation": [-17.5, 0, 0], "uv": [28, 45]},
						{"origin": [-5, 4, 0], "size": [2, 3, 0], "pivot": [2, 4, 0], "rotation": [17.5, 0, 0], "uv": [24, 45]}
					]
				},
				{
					"name": "upperleftleg",
					"parent": "legs",
					"pivot": [3, 16, 2]
				},
				{
					"name": "lefthindleg",
					"parent": "upperleftleg",
					"pivot": [3, 12, 2],
					"cubes": [
						{"origin": [1, 7, -2], "size": [4, 9, 5], "pivot": [2, 0, 0], "rotation": [-7.5, 0, 0], "uv": [50, 83]}
					]
				},
				{
					"name": "leftfoot",
					"parent": "lefthindleg",
					"pivot": [-2, 5, 1],
					"cubes": [
						{"origin": [2, 0, 1.01], "size": [2, 5, 0], "pivot": [2, 0, 0], "rotation": [-7.5, 0, 0], "uv": [43, 29]},
						{"origin": [2, 0, -1.01], "size": [2.01, 5, 0], "pivot": [2, 0, 0], "rotation": [-7.5, 0, 0], "uv": [41, 34]},
						{"origin": [4.02, 0, -1.02], "size": [0, 5, 2.03], "pivot": [2, 0, 0], "rotation": [-7.5, 0, 0], "uv": [12, 5]},
						{"origin": [1.98, 0, -1.02], "size": [0, 5, 2.03], "pivot": [2, 0, 0], "rotation": [-7.5, 0, 0], "uv": [12, 0]},
						{"origin": [2, 0, -1], "size": [2, 7, 2], "pivot": [2, 0, 0], "rotation": [-7.5, 0, 0], "uv": [0, 23]},
						{"origin": [2, 4, 0], "size": [2, 3, 0], "pivot": [2, 4, 0], "rotation": [17.5, 0, 0], "uv": [8, 0]},
						{"origin": [2, 4, 1.5], "size": [2, 3, 0], "pivot": [2, 4, 0], "rotation": [-17.5, 0, 0], "uv": [0, 0]},
						{"origin": [1.9, 2.91225, -0.35881], "size": [0, 3, 2.03], "pivot": [2, 5, 1], "rotation": [-7.15656, -2.24944, -17.35932], "uv": [8, 6]},
						{"origin": [3.7, 4.8, -0.35881], "size": [0, 3, 2.03], "pivot": [-2, 5, 1], "rotation": [-7.15656, 2.24944, 17.35932], "uv": [0, 6]}
					]
				}
			]
		}
	]
}